Label,# Samples,Average,Median,90% Line,95% Line,99% Line,Min,Max,Error %,Throughput,Received KB/sec,Sent KB/sec
/chart/starmeter/-1,50,344,300,309,319,2413,291,2413,100.000%,.50807,1.38,0.27
/fb423e1ef94f/c3382d439950/916d943f6a58/inputs-3,50,289,287,295,300,339,280,339,64.000%,.50815,0.55,0.24
/fb423e1ef94f/c3382d439950/916d943f6a58/inputs-4,50,265,264,270,271,327,256,327,2.000%,.50824,0.55,0.24
/fb423e1ef94f/c3382d439950/916d943f6a58/mp_verify-5,50,304,292,299,311,771,284,771,96.000%,.50628,0.67,5.67
/fb423e1ef94f/c3382d439950/916d943f6a58/report-7,50,274,264,270,272,771,257,771,2.000%,.50642,0.31,0.32
/chart/starmeter/-6,50,286,276,281,282,790,266,790,2.000%,.50641,1.37,0.28
/-57,50,59,33,41,58,1206,28,1206,2.000%,.50766,0.30,0.29
/tr?fcn=IMDbNext-Client&ht=actionOnly&hr=https%3A%2F%2Fwww.imdb.com%2Fname%2Fnm0186505%2F%3Fref_%3Dtt_cst_t_1&isu=false&mid=A1EVAM02EL8SFB&ip=103.252.224.25&pa=referrer-correction&pt=chart&ref=referrer_correction&sid=138-5170172-6074708&st=1775643099531&spt=starmeter&ua=Mozilla%2F5.0+%28Windows+NT+10.0%3B+Win64%3B+x64%3B+rv%3A149.0%29+Gecko%2F20100101+Firefox%2F149.0&pat=main&lang=en-US&cor=BD&sv=web&sc=200&sn=www.imdb.com&pi=%2Fchart%2Fstarmeter%2F&qs=ref_%3Dnm_nv_menu&rrid=814459C64D104959BC5A-60,50,37,33,40,53,116,28,116,0.000%,.50763,0.28,0.52
/?operationName=RVI_Items&variables=%7B%22count%22%3A15%2C%22locale%22%3A%22en-US%22%7D&extensions=%7B%22persistedQuery%22%3A%7B%22sha256Hash%22%3A%2232eda43bfa1053f69036b945638fc4a0ae6cc4a2429de224b3185f8b0e37717b%22%2C%22version%22%3A1%7D%7D-69,50,10,10,12,13,20,8,20,0.000%,.50796,0.35,0.44
/?operationName=NavBarFlyoutCTA&variables=%7B%22isLoggedIn%22%3Afalse%7D&extensions=%7B%22persistedQuery%22%3A%7B%22sha256Hash%22%3A%222a375844cd5537a920b43e49cdc95896542dc46aa8429e66b407bbe8a749b9c0%22%2C%22version%22%3A1%7D%7D-72,50,10,11,12,12,19,8,19,0.000%,.50796,0.35,0.43
/tr?fcn=IMDbNext-Client&ht=actionOnly&hr=https%3A%2F%2Fwww.imdb.com%2Fname%2Fnm0186505%2F%3Fref_%3Dtt_cst_t_1&isu=false&mid=A1EVAM02EL8SFB&ip=103.252.224.25&pa=referrer-correction&pt=chart&ref=referrer_correction&sid=138-5170172-6074708&st=1775643099531&spt=starmeter&ua=Mozilla%2F5.0+%28Windows+NT+10.0%3B+Win64%3B+x64%3B+rv%3A149.0%29+Gecko%2F20100101+Firefox%2F149.0&pat=main&lang=en-US&cor=BD&sv=web&sc=200&sn=www.imdb.com&pi=%2Fchart%2Fstarmeter%2F&qs=ref_%3Dnm_nv_menu&rrid=814459C64D104959BC5A-68,50,265,266,271,271,275,258,275,0.000%,.50664,0.31,0.69
/?operationName=ChartLinks&variables=%7B%22locale%22%3A%22en-US%22%7D&extensions=%7B%22persistedQuery%22%3A%7B%22sha256Hash%22%3A%224b8efb5c74a0570df364982ef40f67135ce3ab9f0b46e4e303d701b62ee59556%22%2C%22version%22%3A1%7D%7D-70,50,35,32,38,48,91,29,91,0.000%,.50787,0.35,0.43
/?operationName=NewsSidebar&variables=%7B%22first%22%3A5%2C%22locale%22%3A%22en-US%22%7D&extensions=%7B%22persistedQuery%22%3A%7B%22sha256Hash%22%3A%22817fcd4c67eaf17c91fb80f3ac6a455401a3a75f03ef50e69b0f52b904908b1e%22%2C%22version%22%3A1%7D%7D-71,50,10,11,12,12,15,8,15,0.000%,.50797,0.35,0.44
/-74,50,12,12,15,16,20,9,20,0.000%,.50795,5.39,0.54
/-75,50,39,12,16,27,731,8,731,6.000%,.50796,0.95,0.53
/1/events/com.amazon.csm.customsg.prod-63,50,862,821,845,1114,2140,783,2140,100.000%,.49720,0.29,0.48
/-67,50,895,904,927,931,944,412,944,100.000%,.49699,0.61,0.77
/1/batch/1/OP/A1EVAM02EL8SFB:138-5170172-6074708:XCDA7WWH7Z5KKHM9555A$uedata=s:undefined%3Fat%26v%3D0.343030.0%26id%3DXCDA7WWH7Z5KKHM9555A%26m%3D1%26sc%3Dcsa%3Avl50%26vl50%3D1303%26pc%3D2487%26at%3D2487%26t%3D1775643099550%26pty%3Dchart%26spty%3Dstarmeter%26pti%3Dundefined%26tid%3DV6TH9D51ZVMCXW4Z8X48%26aftb%3D1%26lob%3D6:2487-64,50,1178,1154,1263,1282,1463,1097,1463,100.000%,.49537,0.11,0.41
/1/batch/1/OP/A1EVAM02EL8SFB:138-5170172-6074708:XCDA7WWH7Z5KKHM9555A$uedata=s:undefined%3Fld%26v%3D0.343030.0%26id%3DXCDA7WWH7Z5KKHM9555A%26sw%3D1920%26sh%3D1080%26vw%3D1920%26vh%3D947%26m%3D1%26sc%3DXCDA7WWH7Z5KKHM9555A%26ue%3D3%26bb%3D838%26be%3D1000%26fcp%3D1259%26fn%3D2468%26pc%3D2479%26tc%3D-3022%26na_%3D-3022%26ul_%3D-381%26_ul%3D-380%26rd_%3D-1775643097063%26_rd%3D-1775643097063%26fe_%3D-3022%26lk_%3D-2887%26_lk%3D-2887%26co_%3D-2887%26_co%3D-2886%26sc_%3D-2886%26rq_%3D-2886%26rs_%3D-2885%26_rs%3D-2885%26dl_%3D-382%26di_%3D1154%26de_%3D2466%26_de%3D2467%26_dc%3D2467%26ld_%3D2467%26_ld%3D-1775643097063%26ntd%3D-11%26ty%3D1%26rc%3D0%26hob%3D0%26hoe%3D3%26ld%3D2480%26t%3D1775643099543%26ctb%3D1%26rt%3D__ld%3A49-29-4-11-2-0-0%26csmtags%3Dfls-na-amazon-com%7Cadblk_no%7Ccsm-feature-touch-enabled%3Afalse%26viz%3Dvisible%3A3%26pty%3Dchart%26spty%3Dstarmeter%26pti%3Dundefined%26tid%3DV6TH9D51ZVMCXW4Z8X48%26aftb%3D1%26ui%3D2%26lob%3D6:2483-59,50,307,289,318,321,1018,276,1018,60.000%,.49998,0.11,0.72
/1/batch/1/OP/A1EVAM02EL8SFB:138-5170172-6074708:XCDA7WWH7Z5KKHM9555A$uedata=s:undefined%3Fld%26v%3D0.343030.0%26id%3DXCDA7WWH7Z5KKHM9555A%26sc0%3DLoadAds%26bb0%3D3%26be0%3D789%26pc0%3D789%26ld0%3D789%26t0%3D1775643097852%26sc1%3DLoadStyledComponents%26bb1%3D789%26be1%3D826%26pc1%3D826%26ld1%3D826%26t1%3D1775643097889%26sc2%3DLoadFonts%26bb2%3D826%26be2%3D1290%26pc2%3D1291%26ld2%3D1291%26t2%3D1775643098354%26sc3%3DLoadIcons%26bb3%3D837%26be3%3D837%26pc3%3D837%26ld3%3D837%26t3%3D1775643097900%26sc4%3DimdbHeader%26bb4%3D876%26be4%3D890%26pc4%3D891%26ld4%3D891%26t4%3D1775643097954%26sc5%3DLoadFooterJS%26bb5%3D902%26be5%3D904%26pc5%3D904%26ld5%3D904%26t5%3D1775643097967%26sc6%3DcsmCELLSframework%26bb6%3D1001%26pc6%3D1001%26ld6%3D1001%26t6%3D1775643098064%26sc7%3DcsmCELLSpdm%26bb7%3D1001%26pc7%3D1155%26ld7%3D1155%26t7%3D1775643098218%26sc8%3DcsmCELLSvpm%26bb8%3D1155%26pc8%3D1155%26ld8%3D1155%26t8%3D1775643098218%26sc9%3DcsmCELLSfem%26bb9%3D1155%26pc9%3D1155%26ld9%3D1155%26t9%3D1775643098218%26sc10%3DadSlotMount%26bb10%3D2452%26pc10%3D2452%26ld10%3D2452%26t10%3D1775643099515%26sc11%3DMountReactJS%26pc11%3D2468%26ld11%3D2468%26t11%3D1775643099531%26ctb%3D1:2483-58,50,292,286,314,316,329,275,329,54.000%,.49995,0.11,0.82
/1/batch/1/OP/A1EVAM02EL8SFB:138-5170172-6074708:XCDA7WWH7Z5KKHM9555A$uedata=s:undefined%3Fat%26v%3D0.343030.0%26id%3DXCDA7WWH7Z5KKHM9555A%26m%3D1%26sc%3Dcsa%3Avl90%26vl90%3D1333%26pc%3D2487%26at%3D2487%26t%3D1775643099550%26pty%3Dchart%26spty%3Dstarmeter%26pti%3Dundefined%26tid%3DV6TH9D51ZVMCXW4Z8X48%26aftb%3D1%26lob%3D6:2488-61,50,293,287,315,317,330,273,330,56.000%,.49990,0.11,0.41
/1/batch/1/OP/A1EVAM02EL8SFB:138-5170172-6074708:XCDA7WWH7Z5KKHM9555A$uedata=s:undefined%3Fat%26v%3D0.343030.0%26id%3DXCDA7WWH7Z5KKHM9555A%26m%3D1%26sc%3Dcsa%3Avl100%26vl100%3D1344%26pc%3D2488%26at%3D2488%26t%3D1775643099551%26pty%3Dchart%26spty%3Dstarmeter%26pti%3Dundefined%26tid%3DV6TH9D51ZVMCXW4Z8X48%26aftb%3D1%26lob%3D6:2488-65,50,293,289,314,319,329,274,329,60.000%,.49985,0.11,0.41
/1/events/com.amazon.csm.csa.prod-62,50,284,284,291,297,304,272,304,42.000%,.49996,0.29,16.46
/1/batch/1/OP/A1EVAM02EL8SFB:138-5170172-6074708:XCDA7WWH7Z5KKHM9555A$uedata=s:undefined%3Fat%26v%3D0.343030.0%26id%3DXCDA7WWH7Z5KKHM9555A%26m%3D1%26sc%3Dcsa%3Alcp%26lcp%3D1259%26pc%3D2494%26at%3D2494%26t%3D1775643099557%26pty%3Dchart%26spty%3Dstarmeter%26pti%3Dundefined%26tid%3DV6TH9D51ZVMCXW4Z8X48%26aftb%3D1%26lob%3D6:2494-66,50,292,286,316,318,322,273,322,54.000%,.49983,0.11,0.41
/-73,50,686,830,853,859,874,320,874,100.000%,.49724,1.01,0.53
/1/batch/1/OP/A1EVAM02EL8SFB:138-5170172-6074708:XCDA7WWH7Z5KKHM9555A$uedata=s:undefined%3Fld%26v%3D0.343030.0%26id%3DXCDA7WWH7Z5KKHM9555A%26ctb%3D1%26sc0%3DadSlotMount%26bb0%3D2686%26pc0%3D2686%26ld0%3D2686%26t0%3D1775643099749%26pty%3Dchart%26spty%3Dstarmeter%26pti%3Dundefined%26tid%3DV6TH9D51ZVMCXW4Z8X48%26aftb%3D1%26lob%3D6:2686-77,50,292,289,313,317,328,275,328,56.000%,.49994,0.11,0.41
/1/events/com.amazon.csm.csa.prod-79,50,280,279,290,293,299,268,299,20.000%,.50009,0.29,5.64
/1/events/com.amazon.eel.katal.metrics.core.nexus-82,50,859,818,848,858,2131,784,2131,100.000%,.49737,0.29,0.57
/1/events/com.amazon.eel.katal.metrics.core.nexus-80,50,276,278,283,284,300,263,300,4.000%,.50025,0.29,0.57
/1/events/com.amazon.eel.katal.metrics.core.nexus-81,50,276,275,283,285,291,264,291,4.000%,.50023,0.29,0.58
/b-85,50,201,200,206,209,262,186,262,0.000%,.50066,0.21,0.37
/api/_ajax/metrics/ops/-84,50,349,284,338,420,2327,271,2327,46.000%,.49959,0.44,0.32
/-78,50,287,277,283,286,787,268,787,8.000%,.49959,1.36,0.26
/api/_ajax/metrics/ops/-86,50,315,285,387,444,692,273,692,48.000%,.49908,0.44,1.20
/1/batch/1/OP/A1EVAM02EL8SFB:138-5170172-6074708:XCDA7WWH7Z5KKHM9555A$uedata=s:undefined%3Fld%26v%3D0.343030.0%26id%3DXCDA7WWH7Z5KKHM9555A%26ctb%3D1%26sc0%3DLoadSis%26bb0%3D2644%26be0%3D2666%26pc0%3D5234%26ld0%3D5234%26t0%3D1775643102297%26pty%3Dchart%26spty%3Dstarmeter%26pti%3Dundefined%26tid%3DV6TH9D51ZVMCXW4Z8X48%26aftb%3D1%26lob%3D6:5234-87,50,304,286,317,320,924,274,924,56.000%,.49899,0.11,0.40
/1/events/com.amazon.csm.csa.prod-88,50,293,278,287,290,1007,267,1007,14.000%,.49917,0.29,2.45
/?operationName=WinnersWidget&variables=%7B%22enableOverride%22%3Afalse%2C%22locale%22%3A%22en-US%22%2C%22numWinners%22%3A3%7D&extensions=%7B%22persistedQuery%22%3A%7B%22sha256Hash%22%3A%2259ef847e86b1ffced67becd90fedcc8b5205c2b97bc5d581d712d8b9fe72c820%22%2C%22version%22%3A1%7D%7D-90,50,16,15,24,25,29,9,29,0.000%,.50047,0.34,0.45
/?operationName=ReactionsForEntities&variables=%7B%22aggregateEntityIds%22%3A%5B%22vi3829189401%22%2C%22vi3980249881%22%2C%22vi4046965529%22%2C%22vi1866058521%22%2C%22vi104712985%22%2C%22vi1178061593%22%2C%22vi1194838809%22%2C%22vi708299545%22%2C%22vi238996249%22%2C%22vi2050542361%22%5D%2C%22userEntityIds%22%3A%5B%5D%7D&extensions=%7B%22persistedQuery%22%3A%7B%22sha256Hash%22%3A%2260c3e6ca9f78c1562108efac862e83d46807e873ed461a3692959fa4c9a780e8%22%2C%22version%22%3A1%7D%7D-97,50,11,11,12,13,14,9,14,0.000%,.50047,0.34,0.54
/-91,50,11,11,14,15,18,9,18,0.000%,.50048,0.53,0.55
/-89,50,812,897,924,930,940,384,940,100.000%,.49595,0.61,0.75
/-92,50,703,824,851,856,865,324,865,100.000%,.49615,1.01,0.52
/1/events/com.amazon.eel.katal.metrics.core.nexus-94,50,304,279,289,290,939,267,939,16.000%,.49897,0.29,0.57
/1/events/com.amazon.eel.katal.metrics.core.nexus-96,50,290,277,285,289,878,267,878,10.000%,.49893,0.29,0.57
/1/events/com.amazon.eel.katal.metrics.core.nexus-95,50,277,278,283,287,291,267,291,8.000%,.49894,0.29,0.57
/-98,50,741,901,949,954,978,388,978,100.000%,.49561,0.86,0.64
/b-99,50,179,179,186,191,197,169,197,0.000%,.49917,0.21,0.39
/?operationName=PopularCelebrities&variables=%7B%22locale%22%3A%22en-US%22%7D&extensions=%7B%22persistedQuery%22%3A%7B%22sha256Hash%22%3A%223fb23cb4e9835758fa9c61b4bafc833560dfd493b8263f5c44adbb56f22d4283%22%2C%22version%22%3A1%7D%7D-108,50,10,10,12,12,14,8,14,0.000%,.50007,0.34,0.43
/1/events/com.amazon.csm.customsg.prod-104,50,306,278,288,290,1694,265,1694,18.000%,.49869,0.29,0.48
/-109,50,58,13,320,331,357,10,357,14.000%,.50011,2.14,0.53
/1/batch/1/OP/A1EVAM02EL8SFB:138-5170172-6074708:FVC354EWB2MCGRTPZ1HH$uedata=s:undefined%3Fld%26v%3D0.343030.0%26id%3DFVC354EWB2MCGRTPZ1HH%26sc0%3DLoadAds%26bb0%3D1%26be0%3D144%26pc0%3D144%26ld0%3D144%26t0%3D1775643102966%26sc1%3DLoadStyledComponents%26bb1%3D144%26be1%3D217%26pc1%3D217%26ld1%3D217%26t1%3D1775643103039%26sc2%3DLoadFonts%26bb2%3D218%26be2%3D407%26pc2%3D407%26ld2%3D407%26t2%3D1775643103229%26sc3%3DLoadIcons%26bb3%3D219%26be3%3D219%26pc3%3D219%26ld3%3D219%26t3%3D1775643103041%26sc4%3DimdbHeader%26bb4%3D292%26be4%3D293%26pc4%3D293%26ld4%3D293%26t4%3D1775643103115%26sc5%3DStaticFeature_ContentSymphony_hero-video-1%26bb5%3D293%26be5%3D294%26pc5%3D294%26ld5%3D294%26t5%3D1775643103116%26sc6%3DStaticFeature_ContentSymphony_hero-video-2%26bb6%3D294%26be6%3D294%26pc6%3D294%26ld6%3D294%26t6%3D1775643103116%26sc7%3DStaticFeature_ContentSymphony_hero-video-3%26bb7%3D294%26be7%3D294%26pc7%3D294%26ld7%3D294%26t7%3D1775643103116%26sc8%3DStaticFeature_ContentSymphony_hero-video-4%26bb8%3D294%26be8%3D294%26pc8%3D294%26ld8%3D294%26t8%3D1775643103116%26sc9%3DStaticFeature_ContentSymphony_hero-video-5%26bb9%3D294%26be9%3D294%26pc9%3D294%26ld9%3D294%26t9%3D1775643103116%26sc10%3DStaticFeature_ContentSymphony_hero-video-6%26bb10%3D294%26be10%3D294%26pc10%3D294%26ld10%3D294%26t10%3D1775643103116%26sc11%3DStaticFeature_ContentSymphony_hero-video-7%26bb11%3D294%26be11%3D295%26pc11%3D295%26ld11%3D295%26t11%3D1775643103117%26sc12%3DStaticFeature_ContentSymphony_hero-video-8%26bb12%3D295%26be12%3D296%26pc12%3D296%26ld12%3D296%26t12%3D1775643103118%26sc13%3DStaticFeature_ContentSymphony_hero-video-9%26bb13%3D296%26be13%3D296%26pc13%3D296%26ld13%3D296%26t13%3D1775643103118%26sc14%3DStaticFeature_ContentSymphony_hero-video-10%26bb14%3D296%26be14%3D296%26pc14%3D296%26ld14%3D296%26t14%3D1775643103118%26sc15%3DStaticFeature_ContentSymphony_featured-today-1%26bb15%3D296%26be15%3D296%26pc15%3D297%26ld15%3D297%26t15%3D1775643103119%26sc16%3DStaticFeature_ContentSymphony_featured-today-2%26bb16%3D297%26be16%3D297%26pc16%3D297%26ld16%3D297%26t16%3D1775643103119%26sc17%3DStaticFeature_ContentSymphony_featured-today-3%26bb17%3D297%26be17%3D297%26pc17%3D297%26ld17%3D297%26t17%3D1775643103119%26sc18%3DStaticFeature_ContentSymphony_featured-today-4%26bb18%3D297%26be18%3D297%26pc18%3D297%26ld18%3D297%26t18%3D1775643103119%26sc19%3DStaticFeature_ContentSymphony_featured-today-5%26bb19%3D297%26be19%3D298%26pc19%3D298%26ld19%3D298%26t19%3D1775643103120%26sc20%3DStaticFeature_ContentSymphony_featured-today-6%26bb20%3D298%26be20%3D298%26pc20%3D298%26ld20%3D298%26t20%3D1775643103120%26sc21%3DStaticFeature_ContentSymphony_featured-today-7%26bb21%3D298%26be21%3D298%26pc21%3D298%26ld21%3D298%26t21%3D1775643103120%26sc22%3DLoadFooterJS%26bb22%3D298%26be22%3D299%26pc22%3D299%26ld22%3D299%26t22%3D1775643103121%26sc23%3DcsmCELLSframework%26bb23%3D305%26pc23%3D305%26ld23%3D305%26t23%3D1775643103127%26sc24%3DcsmCELLSpdm%26bb24%3D305%26pc24%3D377%26ld24%3D377%26t24%3D1775643103199%26sc25%3DcsmCELLSvpm%26bb25%3D377%26pc25%3D377%26ld25%3D377%26t25%3D1775643103199%26sc26%3DcsmCELLSfem%26bb26%3D377%26pc26%3D377%26ld26%3D377%26t26%3D1775643103199%26sc27%3DadSlotMount%26bb27%3D1221%26pc27%3D1221%26ld27%3D1221%26t27%3D1775643104043%26sc28%3DMountReactJS%26pc28%3D1222%26ld28%3D1222%26t28%3D1775643104044%26sc29%3DLoadSis%26bb29%3D1287%26be29%3D1295%26pc29%3D2704%26ld29%3D2704%26t29%3D1775643105526%26ctb%3D1:2708-101,50,294,290,317,322,322,276,322,64.000%,.50025,0.11,1.90
/1/batch/1/OP/A1EVAM02EL8SFB:138-5170172-6074708:FVC354EWB2MCGRTPZ1HH$uedata=s:undefined%3Fld%26v%3D0.343030.0%26id%3DFVC354EWB2MCGRTPZ1HH%26sw%3D1920%26sh%3D1080%26vw%3D1920%26vh%3D947%26m%3D1%26sc%3DFVC354EWB2MCGRTPZ1HH%26ue%3D1%26bb%3D220%26be%3D304%26fcp%3D389%26fn%3D1222%26pc%3D2705%26tc%3D-1830%26na_%3D-1830%26ul_%3D-25%26_ul%3D-22%26rd_%3D-1775643102822%26_rd%3D-1775643102822%26fe_%3D-1828%26lk_%3D-1754%26_lk%3D-1754%26co_%3D-1754%26_co%3D-1754%26sc_%3D-1754%26rq_%3D-1754%26rs_%3D-1753%26_rs%3D-1753%26dl_%3D-25%26di_%3D391%26de_%3D1236%26_de%3D1237%26_dc%3D2703%26ld_%3D2703%26_ld%3D-1775643102822%26ntd%3D-1%26ty%3D0%26rc%3D0%26hob%3D0%26hoe%3D1%26ld%3D2705%26t%3D1775643105527%26ctb%3D1%26rt%3D__ld%3A67-26-5-25-7-9-0%26csmtags%3Dfls-na-amazon-com%7Cadblk_no%7Ccsm-feature-touch-enabled%3Afalse%26viz%3Dvisible%3A1%26pty%3Dhome%26spty%3Dmain%26pti%3Dundefined%26tid%3DV6TH9D51ZVMCXW4Z8X48%26aftb%3D1%26ui%3D2%26lob%3D6:2708-100,50,292,289,318,318,324,274,324,58.000%,.50023,0.11,0.69
/1/events/com.amazon.csm.csa.prod-102,50,564,551,564,566,1235,531,1235,100.000%,.49559,0.29,34.66
/1/batch/1/OP/A1EVAM02EL8SFB:138-5170172-6074708:FVC354EWB2MCGRTPZ1HH$uedata=s:undefined%3Fat%26v%3D0.343030.0%26id%3DFVC354EWB2MCGRTPZ1HH%26m%3D1%26sc%3Dcsa%3Avl50%26vl50%3D727%26pc%3D2712%26at%3D2712%26t%3D1775643105534%26pty%3Dhome%26spty%3Dmain%26pti%3Dundefined%26tid%3DV6TH9D51ZVMCXW4Z8X48%26aftb%3D1%26lob%3D6:2712-103,50,291,288,312,316,321,274,321,56.000%,.49687,0.11,0.38
/1/batch/1/OP/A1EVAM02EL8SFB:138-5170172-6074708:FVC354EWB2MCGRTPZ1HH$uedata=s:undefined%3Fat%26v%3D0.343030.0%26id%3DFVC354EWB2MCGRTPZ1HH%26m%3D1%26sc%3Dcsa%3Avl90%26vl90%3D1295%26pc%3D2713%26at%3D2713%26t%3D1775643105535%26pty%3Dhome%26spty%3Dmain%26pti%3Dundefined%26tid%3DV6TH9D51ZVMCXW4Z8X48%26aftb%3D1%26lob%3D6:2713-105,50,293,288,316,320,343,274,343,58.000%,.49686,0.11,0.39
/1/batch/1/OP/A1EVAM02EL8SFB:138-5170172-6074708:FVC354EWB2MCGRTPZ1HH$uedata=s:undefined%3Fat%26v%3D0.343030.0%26id%3DFVC354EWB2MCGRTPZ1HH%26m%3D1%26sc%3Dcsa%3Avl100%26vl100%3D2630%26pc%3D2713%26at%3D2713%26t%3D1775643105535%26pty%3Dhome%26spty%3Dmain%26pti%3Dundefined%26tid%3DV6TH9D51ZVMCXW4Z8X48%26aftb%3D1%26lob%3D6:2713-106,50,292,288,314,318,324,274,324,56.000%,.49685,0.11,0.39
/1/batch/1/OP/A1EVAM02EL8SFB:138-5170172-6074708:FVC354EWB2MCGRTPZ1HH$uedata=s:undefined%3Fat%26v%3D0.343030.0%26id%3DFVC354EWB2MCGRTPZ1HH%26m%3D1%26sc%3Dcsa%3Alcp%26lcp%3D1240%26pc%3D2728%26at%3D2728%26t%3D1775643105550%26pty%3Dhome%26spty%3Dmain%26pti%3Dundefined%26tid%3DV6TH9D51ZVMCXW4Z8X48%26aftb%3D1%26lob%3D6:2728-107,50,304,287,317,320,891,274,891,56.000%,.49681,0.11,0.38
/?operationName=BatchPage_HomeMain&variables=%7B%22fanPicksFirst%22%3A30%2C%22locale%22%3A%22en-US%22%2C%22placement%22%3A%22home%22%2C%22topPicksFirst%22%3A30%2C%22topTenFirst%22%3A10%7D&extensions=%7B%22persistedQuery%22%3A%7B%22sha256Hash%22%3A%2248f6f8dd63aaaadea54520eda80d3f7e3228c0b252eb1d4bcbdd6c5e1c2c2845%22%2C%22version%22%3A1%7D%7D-110,50,11,11,14,16,35,9,35,0.000%,.49825,0.34,0.48
/-111,50,1190,1295,1375,1392,1527,757,1527,100.000%,.49156,7.29,0.57
/?operationName=PersonalizedUserData&variables=%7B%22fetchOtherUserRating%22%3Afalse%2C%22idArray%22%3A%5B%22tt12042730%22%2C%22tt33071426%22%2C%22tt30144839%22%2C%22tt31193180%22%2C%22tt39139925%22%2C%22tt1757678%22%2C%22tt32916440%22%2C%22tt31810018%22%2C%22tt26443597%22%2C%22tt0816692%22%2C%22tt26443616%22%2C%22tt32141377%22%2C%22tt27497448%22%2C%22tt0903747%22%2C%22tt26581740%22%2C%22tt14905854%22%2C%22tt16311594%22%2C%22tt1341338%22%2C%22tt6741278%22%2C%22tt0468569%22%2C%22tt1312221%22%2C%22tt31938062%22%2C%22tt12300742%22%2C%22tt0137523%22%2C%22tt1375666%22%2C%22tt31514146%22%2C%22tt15239678%22%2C%22tt14364480%22%2C%22tt0944947%22%2C%22tt29567915%22%5D%2C%22includeUserData%22%3Afalse%2C%22includeWatchedData%22%3Afalse%2C%22locale%22%3A%22en-US%22%2C%22location%22%3A%7B%22latLong%22%3A%7B%22lat%22%3A%2223.72%22%2C%22long%22%3A%2290.41%22%7D%7D%7D&extensions=%7B%22persistedQuery%22%3A%7B%22sha256Hash%22%3A%227c4e0771d67f21fc27fd44fc46d49cc589225a9c5e63e51cc0b8d42f39ee99cc%22%2C%22version%22%3A1%7D%7D-114,50,11,11,13,14,19,9,19,0.000%,.49559,0.34,0.80
/api/_ajax/metrics/ops/-112,50,308,295,348,378,480,276,480,86.000%,.49424,0.43,0.82
/1/events/com.amazon.csm.csa.prod-113,50,280,281,287,288,307,268,307,20.000%,.49435,0.29,7.42
/-115,50,611,785,812,821,839,291,839,100.000%,.49427,0.60,0.90
/1/events/com.amazon.csm.csa.prod-127,50,278,279,285,288,293,266,293,10.000%,.49709,0.29,2.46
/1/batch/1/OE/-126,50,292,288,315,319,321,275,321,60.000%,.49697,0.15,0.32
/title/tt0468569/-125,50,287,278,283,287,773,267,773,10.000%,.49708,1.36,0.27
/1/batch/1/OP/A1EVAM02EL8SFB:138-5170172-6074708:FVC354EWB2MCGRTPZ1HH$uedata=s:undefined%3Fld%26v%3D0.343030.0%26id%3DFVC354EWB2MCGRTPZ1HH%26ctb%3D1%26sc0%3DUNDECLARED_DELAYED_FEATURE_DELAYED_FALLBACK%26pc0%3D10225%26ld0%3D10225%26t0%3D1775643113047%26pty%3Dhome%26spty%3Dmain%26pti%3Dundefined%26tid%3DV6TH9D51ZVMCXW4Z8X48%26aftb%3D1%26lob%3D6:10225-128,50,292,287,314,317,321,275,321,58.000%,.49693,0.11,0.40
/1/events/com.amazon.csm.csa.prod-129,50,279,279,287,288,292,268,292,18.000%,.49697,0.29,2.77
/?operationName=PersonalizedUserData&variables=%7B%22fetchOtherUserRating%22%3Afalse%2C%22idArray%22%3A%5B%22tt1345836%22%2C%22tt0372784%22%2C%22tt1375666%22%2C%22tt0816692%22%2C%22tt0137523%22%2C%22tt0111161%22%2C%22tt0109830%22%2C%22tt7286456%22%2C%22tt0068646%22%2C%22tt0993846%22%2C%22tt0114369%22%2C%22tt0133093%22%5D%2C%22includeUserData%22%3Afalse%2C%22includeWatchedData%22%3Afalse%2C%22locale%22%3A%22en-US%22%2C%22location%22%3A%7B%22latLong%22%3A%7B%22lat%22%3A%2223.72%22%2C%22long%22%3A%2290.41%22%7D%7D%7D&extensions=%7B%22persistedQuery%22%3A%7B%22sha256Hash%22%3A%227c4e0771d67f21fc27fd44fc46d49cc589225a9c5e63e51cc0b8d42f39ee99cc%22%2C%22version%22%3A1%7D%7D-147,50,10,11,13,14,14,8,14,0.000%,.49834,0.34,0.64
/?operationName=HERO_WATCH_BOX&variables=%7B%22heroNowDateDay%22%3A8%2C%22heroNowDateMonth%22%3A4%2C%22heroNowDateYear%22%3A2026%2C%22heroYesterdayDateDay%22%3A7%2C%22heroYesterdayDateMonth%22%3A4%2C%22heroYesterdayDateYear%22%3A2026%2C%22id%22%3A%22tt0468569%22%2C%22includeUserPreferredServices%22%3Afalse%2C%22locale%22%3A%22en-US%22%2C%22location%22%3A%7B%22latLong%22%3A%7B%22lat%22%3A%2223.72%22%2C%22long%22%3A%2290.41%22%7D%7D%7D&extensions=%7B%22persistedQuery%22%3A%7B%22sha256Hash%22%3A%2245a4e574562d71de9f5c7efe76d5e47a08f06457c6a69749802218db5162f3d6%22%2C%22version%22%3A1%7D%7D-148,50,10,11,13,13,18,8,18,0.000%,.49834,0.34,0.60
/?operationName=ReviewSummary&variables=%7B%22id%22%3A%22tt0468569%22%2C%22locale%22%3A%22en-US%22%7D&extensions=%7B%22persistedQuery%22%3A%7B%22sha256Hash%22%3A%22d4e548891fd486aa7f4197fb818fa47354c28213174f746d21f4a7739e918e89%22%2C%22version%22%3A1%7D%7D-149,50,11,10,13,16,26,9,26,0.000%,.49833,0.34,0.43
/?operationName=ReactionsForEntities&variables=%7B%22aggregateEntityIds%22%3A%5B%22vi324468761%22%2C%22vi2351545881%22%2C%22vi3704864537%22%2C%22vi1266925337%22%2C%22vi1212136473%22%2C%22vi3555114265%22%5D%2C%22userEntityIds%22%3A%5B%5D%7D&extensions=%7B%22persistedQuery%22%3A%7B%22sha256Hash%22%3A%2260c3e6ca9f78c1562108efac862e83d46807e873ed461a3692959fa4c9a780e8%22%2C%22version%22%3A1%7D%7D-155,50,10,11,12,13,15,9,15,0.000%,.49833,0.34,0.50
/-156,50,10,10,12,14,16,8,16,0.000%,.49832,0.34,0.31
/1/events/com.amazon.csm.csa.prod-145,50,279,276,286,287,388,264,388,12.000%,.49701,0.29,0.89
/-143,50,760,894,919,925,942,388,942,100.000%,.49396,0.60,0.74
/vi324468761/hls-preview-bd77a642-ae22-4008-9ac7-3b185485131f.m3u8-164,50,38,34,47,48,127,29,127,0.000%,.49570,0.36,0.42
/tr?fcn=IMDbNext-Client&ht=actionOnly&hr=https%3A%2F%2Fwww.imdb.com%2F%3Fref_%3Dchtstrm_nv_home&isu=false&mid=A1EVAM02EL8SFB&ip=103.252.224.25&pa=preview-playerready&pc=vi324468761&pt=title&ref=tt_ov&sid=138-5170172-6074708&st=1775643116194&spt=main&ua=Mozilla%2F5.0+%28Windows+NT+10.0%3B+Win64%3B+x64%3B+rv%3A149.0%29+Gecko%2F20100101+Firefox%2F149.0&pat=main&lang=en-US&cor=BD&sv=web&sc=200&sn=www.imdb.com&pi=%2Ftitle%2Ftt0468569%2F&qs=ref_%3Dhm_tpks_i_1_pd_tp1_pbr_ic&rrid=434457197ABA4C0F8247-165,50,17,17,23,25,30,10,30,0.000%,.49622,0.28,0.49
/-152,50,544,309,805,808,813,283,813,96.000%,.49247,0.64,0.53
/-151,50,489,294,802,806,821,282,821,88.000%,.49010,0.55,0.69
/-150,50,534,309,805,807,833,279,833,96.000%,.49240,0.76,0.73
/vi324468761/hls-preview-86ba734c-db30-4965-81ca-55fcb3305aae.m3u8-166,50,11,11,13,13,18,9,18,0.000%,.49397,0.37,0.22
/1/batch/1/OP/A1EVAM02EL8SFB:138-5170172-6074708:81W6B5WHDVWWYJ6EJA0A$uedata=s:undefined%3Fld%26v%3D0.343030.0%26id%3D81W6B5WHDVWWYJ6EJA0A%26sc0%3DLoadAds%26bb0%3D1%26be0%3D180%26pc0%3D180%26ld0%3D180%26t0%3D1775643114138%26sc1%3DLoadStyledComponents%26bb1%3D180%26be1%3D194%26pc1%3D194%26ld1%3D194%26t1%3D1775643114152%26sc2%3DLoadFonts%26bb2%3D195%26be2%3D364%26pc2%3D364%26ld2%3D364%26t2%3D1775643114322%26sc3%3DLoadIcons%26bb3%3D196%26be3%3D196%26pc3%3D196%26ld3%3D196%26t3%3D1775643114154%26sc4%3DimdbHeader%26bb4%3D204%26be4%3D205%26pc4%3D205%26ld4%3D205%26t4%3D1775643114163%26sc5%3DStaticFeature_Hero%26bb5%3D206%26be5%3D207%26pc5%3D207%26ld5%3D207%26t5%3D1775643114165%26sc6%3DStaticFeature_ProUpsellLink%26bb6%3D322%26be6%3D322%26pc6%3D322%26ld6%3D322%26t6%3D1775643114280%26sc7%3DStaticFeature_Awards%26bb7%3D207%26be7%3D207%26pc7%3D207%26ld7%3D207%26t7%3D1775643114165%26sc8%3DStaticFeature_Videos%26bb8%3D207%26be8%3D207%26pc8%3D207%26ld8%3D207%26t8%3D1775643114165%26sc9%3DStaticFeature_Photos%26bb9%3D207%26be9%3D208%26pc9%3D208%26ld9%3D208%26t9%3D1775643114166%26sc10%3DStaticFeature_Cast%26bb10%3D208%26be10%3D208%26pc10%3D208%26ld10%3D208%26t10%3D1775643114166%26sc11%3DStaticFeature_UserReviews%26bb11%3D208%26be11%3D209%26pc11%3D209%26ld11%3D209%26t11%3D1775643114167%26sc12%3DStaticFeature_ContentSymphony_center-3%26bb12%3D209%26be12%3D209%26pc12%3D209%26ld12%3D209%26t12%3D1775643114167%26sc13%3DStaticFeature_MoreLikeThis%26bb13%3D209%26be13%3D320%26pc13%3D320%26ld13%3D320%26t13%3D1775643114278%26sc14%3DStaticFeature_RelatedInterests%26bb14%3D320%26be14%3D321%26pc14%3D321%26ld14%3D321%26t14%3D1775643114279%26sc15%3DStaticFeature_DidYouKnow%26bb15%3D321%26be15%3D321%26pc15%3D321%26ld15%3D321%26t15%3D1775643114279%26sc16%3DStaticFeature_FAQ%26bb16%3D321%26be16%3D321%26pc16%3D321%26ld16%3D321%26t16%3D1775643114279%26sc17%3DStaticFeature_Details%26bb17%3D321%26be17%3D322%26pc17%3D322%26ld17%3D322%26t17%3D1775643114280%26sc18%3DStaticFeature_BoxOffice%26bb18%3D322%26be18%3D322%26pc18%3D322%26ld18%3D322%26t18%3D1775643114280%26sc19%3DStaticFeature_TechSpecs%26bb19%3D322%26be19%3D322%26pc19%3D322%26ld19%3D322%26t19%3D1775643114280%26sc20%3DStaticFeature_News%26bb20%3D322%26be20%3D322%26pc20%3D322%26ld20%3D322%26t20%3D1775643114280%26sc21%3DStaticFeature_Contribution%26bb21%3D322%26be21%3D322%26pc21%3D322%26ld21%3D322%26t21%3D1775643114280%26sc22%3DLoadFooterJS%26bb22%3D323%26be22%3D323%26pc22%3D324%26ld22%3D324%26t22%3D1775643114282%26sc23%3DcsmCELLSframework%26bb23%3D329%26pc23%3D329%26ld23%3D329%26t23%3D1775643114287%26sc24%3DcsmCELLSpdm%26bb24%3D330%26pc24%3D345%26ld24%3D345%26t24%3D1775643114303%26sc25%3DcsmCELLSvpm%26bb25%3D345%26pc25%3D345%26ld25%3D345%26t25%3D1775643114303%26sc26%3DcsmCELLSfem%26bb26%3D345%26pc26%3D345%26ld26%3D345%26t26%3D1775643114303%26sc27%3DadSlotMount%26bb27%3D1337%26pc27%3D1337%26ld27%3D1337%26t27%3D1775643115295%26sc28%3DMountReactJS%26pc28%3D1340%26ld28%3D1340%26t28%3D1775643115298%26ctb%3D1:1353-146,50,293,289,315,320,340,275,340,60.000%,.49252,0.11,1.66
/1/batch/1/OP/A1EVAM02EL8SFB:138-5170172-6074708:81W6B5WHDVWWYJ6EJA0A$uedata=s:undefined%3Fld%26v%3D0.343030.0%26id%3D81W6B5WHDVWWYJ6EJA0A%26sw%3D1920%26sh%3D1080%26vw%3D1920%26vh%3D947%26m%3D1%26sc%3D81W6B5WHDVWWYJ6EJA0A%26ue%3D1%26bb%3D198%26af%3D207%26cf%3D209%26be%3D329%26fcp%3D316%26fn%3D1340%26pc%3D1351%26tc%3D-1396%26na_%3D-1396%26ul_%3D-18%26_ul%3D-14%26rd_%3D-1775643113958%26_rd%3D-1775643113958%26fe_%3D-1393%26lk_%3D-1373%26_lk%3D-1373%26co_%3D-1372%26_co%3D-1372%26sc_%3D-1372%26rq_%3D-1372%26rs_%3D-1371%26_rs%3D-1371%26dl_%3D-18%26di_%3D346%26de_%3D1347%26_de%3D1349%26_dc%3D1349%26ld_%3D1350%26_ld%3D-1775643113958%26ntd%3D0%26ty%3D0%26rc%3D0%26hob%3D0%26hoe%3D1%26ld%3D1351%26t%3D1775643115309%26ctb%3D1%26rt%3Dcf%3A22-18-4-0-3-4-1_af%3A22-18-4-0-3-4-1_ld%3A58-42-4-11-3-4-0%26csmtags%3Dfls-na-amazon-com%7Cadblk_no%7Ccsm-feature-touch-enabled%3Afalse%26viz%3Dvisible%3A1%26pty%3Dtitle%26spty%3Dmain%26pti%3Dundefined%26tid%3DV6TH9D51ZVMCXW4Z8X48%26aftb%3D1%26ui%3D2%26lob%3D6:1352-144,50,292,288,314,316,323,275,323,58.000%,.49249,0.11,0.71
/vi324468761/1495236114256-rhi1m2-156371291836900000.ts-168,50,84,68,132,141,271,49,271,0.000%,.49364,227.76,0.22
/tr?fcn=IMDbNext-Client&ht=actionOnly&hr=https%3A%2F%2Fwww.imdb.com%2F%3Fref_%3Dchtstrm_nv_home&isu=false&mid=A1EVAM02EL8SFB&ip=103.252.224.25&pa=review-genai&pc=tt0468569&pt=title&ref=tt_ururv_genai&sid=138-5170172-6074708&st=1775643116388&spt=main&ua=Mozilla%2F5.0+%28Windows+NT+10.0%3B+Win64%3B+x64%3B+rv%3A149.0%29+Gecko%2F20100101+Firefox%2F149.0&pat=main&lang=en-US&cor=BD&sv=web&sc=200&sn=www.imdb.com&pi=%2Ftitle%2Ftt0468569%2F&qs=ref_%3Dhm_tpks_i_1_pd_tp1_pbr_ic&rrid=E1826558DF8F4D85ACC3-169,50,10,10,12,12,16,8,16,0.000%,.49387,0.27,0.49
/tr?fcn=IMDbNext-Client&ht=actionOnly&hr=https%3A%2F%2Fwww.imdb.com%2F%3Fref_%3Dchtstrm_nv_home&isu=false&mid=A1EVAM02EL8SFB&ip=103.252.224.25&pa=preview-playerready&pc=vi324468761&pt=title&ref=tt_ov&sid=138-5170172-6074708&st=1775643116194&spt=main&ua=Mozilla%2F5.0+%28Windows+NT+10.0%3B+Win64%3B+x64%3B+rv%3A149.0%29+Gecko%2F20100101+Firefox%2F149.0&pat=main&lang=en-US&cor=BD&sv=web&sc=200&sn=www.imdb.com&pi=%2Ftitle%2Ftt0468569%2F&qs=ref_%3Dhm_tpks_i_1_pd_tp1_pbr_ic&rrid=434457197ABA4C0F8247-167,50,266,266,271,272,302,260,302,2.000%,.49262,0.30,0.55
/-158,50,527,331,819,825,845,306,845,100.000%,.49240,0.53,0.51
/1/events/com.amazon.eel.katal.metrics.core.nexus-160,50,291,286,296,298,605,270,605,52.000%,.49247,0.28,0.56
/1/events/com.amazon.eel.katal.metrics.core.nexus-159,50,299,278,286,286,836,266,836,12.000%,.49249,0.28,0.56
/1/events/com.amazon.eel.katal.metrics.core.nexus-161,50,288,278,286,289,813,264,813,12.000%,.49246,0.28,0.57
/-157,50,536,387,903,906,945,355,945,100.000%,.48966,0.76,0.59
/tr?fcn=IMDbNext-Client&ht=actionOnly&hr=https%3A%2F%2Fwww.imdb.com%2F%3Fref_%3Dchtstrm_nv_home&isu=false&mid=A1EVAM02EL8SFB&ip=103.252.224.25&pa=review-genai&pc=tt0468569&pt=title&ref=tt_ururv_genai&sid=138-5170172-6074708&st=1775643116388&spt=main&ua=Mozilla%2F5.0+%28Windows+NT+10.0%3B+Win64%3B+x64%3B+rv%3A149.0%29+Gecko%2F20100101+Firefox%2F149.0&pat=main&lang=en-US&cor=BD&sv=web&sc=200&sn=www.imdb.com&pi=%2Ftitle%2Ftt0468569%2F&qs=ref_%3Dhm_tpks_i_1_pd_tp1_pbr_ic&rrid=E1826558DF8F4D85ACC3-170,50,274,265,268,271,761,259,761,2.000%,.49019,0.30,0.55
/1/batch/1/OP/A1EVAM02EL8SFB:138-5170172-6074708:81W6B5WHDVWWYJ6EJA0A$uedata=s:undefined%3Fld%26v%3D0.343030.0%26id%3D81W6B5WHDVWWYJ6EJA0A%26ctb%3D1%26sc0%3DadSlotMount%26bb0%3D1853%26pc0%3D1853%26ld0%3D1853%26t0%3D1775643115811%26pty%3Dtitle%26spty%3Dmain%26pti%3Dundefined%26tid%3DV6TH9D51ZVMCXW4Z8X48%26aftb%3D1%26lob%3D6:1853-154,50,292,287,312,317,322,273,322,54.000%,.48999,0.11,0.38
/b-172,50,185,182,193,194,333,171,333,2.000%,.49051,0.21,0.37
/-171,50,548,343,848,860,922,316,922,100.000%,.48733,0.99,0.52
/api/_ajax/metrics/ops/-179,50,319,291,373,400,629,275,629,76.000%,.48991,0.43,0.32
/1/events/com.amazon.csm.customsg.prod-174,50,284,285,294,296,302,266,302,46.000%,.48992,0.28,0.48
/tr?fcn=IMDbNext-Client&ht=actionOnly&hr=https%3A%2F%2Fwww.imdb.com%2F%3Fref_%3Dchtstrm_nv_home&isu=false&mid=A1EVAM02EL8SFB&ip=103.252.224.25&pa=preview-no-ad&pc=vi324468761&pt=title&ref=tt_ov&sid=138-5170172-6074708&st=1775643118200&spt=main&ua=Mozilla%2F5.0+%28Windows+NT+10.0%3B+Win64%3B+x64%3B+rv%3A149.0%29+Gecko%2F20100101+Firefox%2F149.0&pat=main&lang=en-US&cor=BD&sv=web&sc=200&sn=www.imdb.com&pi=%2Ftitle%2Ftt0468569%2F&qs=ref_%3Dhm_tpks_i_1_pd_tp1_pbr_ic&rrid=12AF3DC3D4A4480594CB-180,50,10,10,14,15,16,9,16,0.000%,.49127,0.27,0.48
/1/batch/1/OP/A1EVAM02EL8SFB:138-5170172-6074708:81W6B5WHDVWWYJ6EJA0A$uedata=s:undefined%3Fat%26v%3D0.343030.0%26id%3D81W6B5WHDVWWYJ6EJA0A%26m%3D1%26sc%3Dcsa%3Avl50%26vl50%3D490%26pc%3D3421%26at%3D3421%26t%3D1775643117379%26pty%3Dtitle%26spty%3Dmain%26pti%3Dundefined%26tid%3DV6TH9D51ZVMCXW4Z8X48%26aftb%3D1%26lob%3D6:3421-176,50,292,288,314,317,322,275,322,56.000%,.48987,0.11,0.38
/1/batch/1/OP/A1EVAM02EL8SFB:138-5170172-6074708:81W6B5WHDVWWYJ6EJA0A$uedata=s:undefined%3Fat%26v%3D0.343030.0%26id%3D81W6B5WHDVWWYJ6EJA0A%26m%3D1%26sc%3Dcsa%3Alcp%26lcp%3D923%26pc%3D3418%26at%3D3418%26t%3D1775643117376%26pty%3Dtitle%26spty%3Dmain%26pti%3Dundefined%26tid%3DV6TH9D51ZVMCXW4Z8X48%26aftb%3D1%26lob%3D6:3418-175,50,292,287,314,315,323,274,323,56.000%,.48986,0.11,0.38
/tr?fcn=IMDbNext-Client&ht=actionOnly&hr=https%3A%2F%2Fwww.imdb.com%2F%3Fref_%3Dchtstrm_nv_home&isu=false&mid=A1EVAM02EL8SFB&ip=103.252.224.25&pa=preview-no-ad&pc=vi324468761&pt=title&ref=tt_ov&sid=138-5170172-6074708&st=1775643118200&spt=main&ua=Mozilla%2F5.0+%28Windows+NT+10.0%3B+Win64%3B+x64%3B+rv%3A149.0%29+Gecko%2F20100101+Firefox%2F149.0&pat=main&lang=en-US&cor=BD&sv=web&sc=200&sn=www.imdb.com&pi=%2Ftitle%2Ftt0468569%2F&qs=ref_%3Dhm_tpks_i_1_pd_tp1_pbr_ic&rrid=12AF3DC3D4A4480594CB-181,50,265,265,269,273,285,257,285,0.000%,.49008,0.30,0.54
/1/events/com.amazon.csm.csa.prod-173,50,293,293,307,309,316,279,316,80.000%,.49002,0.28,42.60
/1/batch/1/OP/A1EVAM02EL8SFB:138-5170172-6074708:81W6B5WHDVWWYJ6EJA0A$uedata=s:undefined%3Fld%26v%3D0.343030.0%26id%3D81W6B5WHDVWWYJ6EJA0A%26ctb%3D1%26sc0%3DLoadSis%26bb0%3D1782%26be0%3D1819%26pc0%3D3434%26ld0%3D3434%26t0%3D1775643117392%26pty%3Dtitle%26spty%3Dmain%26pti%3Dundefined%26tid%3DV6TH9D51ZVMCXW4Z8X48%26aftb%3D1%26lob%3D6:3435-178,50,292,287,315,318,329,275,329,58.000%,.48994,0.11,0.39
/name/nm0634240/-177,50,288,277,284,286,786,266,786,8.000%,.49009,1.34,0.27
/1/events/com.amazon.csm.csa.prod-182,50,279,280,286,288,297,267,297,18.000%,.49016,0.28,4.88
/?operationName=ReactionsForEntities&variables=%7B%22aggregateEntityIds%22%3A%5B%22vi103334681%22%2C%22vi2837431833%22%2C%22vi2293155353%22%2C%22vi3079915289%22%2C%22vi3282814745%22%2C%22vi321503513%22%5D%2C%22userEntityIds%22%3A%5B%5D%7D&extensions=%7B%22persistedQuery%22%3A%7B%22sha256Hash%22%3A%2260c3e6ca9f78c1562108efac862e83d46807e873ed461a3692959fa4c9a780e8%22%2C%22version%22%3A1%7D%7D-204,50,11,10,13,13,23,9,23,0.000%,.49143,0.34,0.49
/?operationName=ListCollectionConnection&variables=%7B%22first%22%3A6%2C%22itemId%22%3A%22nm0634240%22%2C%22locale%22%3A%22en-US%22%2C%22topListType%22%3A%22EDITORIAL%22%7D&extensions=%7B%22persistedQuery%22%3A%7B%22sha256Hash%22%3A%2292eb03a24c64d4b74def6df6e6270191ece62cbfaac65c9c64f2dd6140867c81%22%2C%22version%22%3A1%7D%7D-205,50,17,17,23,24,27,9,27,0.000%,.49141,0.34,0.46
/?operationName=RVI_Items&variables=%7B%22count%22%3A15%2C%22locale%22%3A%22en-US%22%7D&extensions=%7B%22persistedQuery%22%3A%7B%22sha256Hash%22%3A%2232eda43bfa1053f69036b945638fc4a0ae6cc4a2429de224b3185f8b0e37717b%22%2C%22version%22%3A1%7D%7D-206,50,10,10,12,13,22,9,22,0.000%,.49145,0.34,0.42
/?operationName=ListCollectionConnection&variables=%7B%22first%22%3A6%2C%22itemId%22%3A%22nm0634240%22%2C%22locale%22%3A%22en-US%22%2C%22topListType%22%3A%22ALL%22%7D&extensions=%7B%22persistedQuery%22%3A%7B%22sha256Hash%22%3A%2292eb03a24c64d4b74def6df6e6270191ece62cbfaac65c9c64f2dd6140867c81%22%2C%22version%22%3A1%7D%7D-209,50,10,10,12,13,17,8,17,0.000%,.49145,0.34,0.46
/?operationName=NameMainProjectsInDev&variables=%7B%22first%22%3A5%2C%22locale%22%3A%22en-US%22%2C%22nconst%22%3A%22nm0634240%22%7D&extensions=%7B%22persistedQuery%22%3A%7B%22sha256Hash%22%3A%2219507cdb3883a63d0e4e2a231ceb4c2835e1e76f68445a4a749a6787ba9f5aeb%22%2C%22version%22%3A1%7D%7D-208,50,10,10,11,12,14,8,14,0.000%,.49143,0.34,0.44
/?operationName=NameUserPolls&variables=%7B%22itemId%22%3A%22nm0634240%22%2C%22locale%22%3A%22en-US%22%2C%22pollCount%22%3A6%7D&extensions=%7B%22persistedQuery%22%3A%7B%22sha256Hash%22%3A%2272a2767304e9e2c2fbc47296f0f1888abc76f3f4667062a6f536810ba82dc9c5%22%2C%22version%22%3A1%7D%7D-207,50,10,10,12,13,16,8,16,0.000%,.49143,0.34,0.44
/-202,50,644,816,838,841,855,310,855,100.000%,.48745,0.52,0.51
/vi103334681/hls-preview-34d80668-04eb-4fe5-839e-5cd6e1ccb0ed.m3u8-214,50,17,17,25,26,27,9,27,0.000%,.48891,0.36,0.41
/tr?fcn=IMDbNext-Client&ht=actionOnly&hr=https%3A%2F%2Fwww.imdb.com%2Ftitle%2Ftt0468569%2F%3Fref_%3Dhm_tpks_i_1_pd_tp1_pbr_ic&isu=false&mid=A1EVAM02EL8SFB&ip=103.252.224.25&pa=preview-playerready&pc=vi103334681&pt=name&ref=nm_ov&sid=138-5170172-6074708&st=1775643121718&spt=main&ua=Mozilla%2F5.0+%28Windows+NT+10.0%3B+Win64%3B+x64%3B+rv%3A149.0%29+Gecko%2F20100101+Firefox%2F149.0&pat=main&lang=en-US&cor=BD&sv=web&sc=200&sn=www.imdb.com&pi=%2Fname%2Fnm0634240%2F&qs=ref_%3Dtt_ov_2_2&rrid=00656AE02C30455A91A2-220,50,10,10,13,14,28,9,28,0.000%,.48897,0.27,0.49
/vi103334681/hls-preview-f55339d9-50b3-4321-a53d-ae7307b17e8a.m3u8-224,50,10,11,13,13,16,8,16,0.000%,.48896,0.36,0.22
/1/events/com.amazon.csm.csa.prod-199,50,278,278,287,289,308,265,308,12.000%,.48775,0.28,0.88
/-196,50,672,876,911,915,927,386,927,100.000%,.48495,0.59,0.73
/vi103334681/1495236114256-rhi1m2-164220786848600000.ts-225,50,66,57,122,131,203,26,203,0.000%,.48900,202.54,0.21
/tr?fcn=IMDbNext-Client&ht=actionOnly&hr=https%3A%2F%2Fwww.imdb.com%2Ftitle%2Ftt0468569%2F%3Fref_%3Dhm_tpks_i_1_pd_tp1_pbr_ic&isu=false&mid=A1EVAM02EL8SFB&ip=103.252.224.25&pa=nv-menu-open&pc=nm0634240&pt=name&ref=nm_nv_menu_open&sid=138-5170172-6074708&st=1775643122043&spt=main&ua=Mozilla%2F5.0+%28Windows+NT+10.0%3B+Win64%3B+x64%3B+rv%3A149.0%29+Gecko%2F20100101+Firefox%2F149.0&pat=main&lang=en-US&cor=BD&sv=web&sc=200&sn=www.imdb.com&pi=%2Fname%2Fnm0634240%2F&qs=ref_%3Dtt_ov_2_2&rrid=4ACA43E927D74F3198C4-226,50,10,10,12,13,16,9,16,0.000%,.48911,0.27,0.49
/-218,50,24,12,16,17,355,10,355,4.000%,.48912,0.80,0.56
/-212,50,24,12,16,24,314,9,314,4.000%,.49047,0.79,0.56
/-219,50,18,12,15,15,348,9,348,2.000%,.49187,0.54,0.54
/-217,50,32,12,16,18,411,9,411,6.000%,.49186,0.72,0.54
/1/batch/1/OP/A1EVAM02EL8SFB:138-5170172-6074708:0MT20NMWGMC71260YPB5$uedata=s:undefined%3Fld%26v%3D0.343030.0%26id%3D0MT20NMWGMC71260YPB5%26sc0%3DLoadAds%26bb0%3D2%26be0%3D177%26pc0%3D177%26ld0%3D177%26t0%3D1775643120594%26sc1%3DLoadStyledComponents%26bb1%3D177%26be1%3D182%26pc1%3D183%26ld1%3D183%26t1%3D1775643120600%26sc2%3DLoadFonts%26bb2%3D183%26be2%3D314%26pc2%3D314%26ld2%3D314%26t2%3D1775643120731%26sc3%3DLoadIcons%26bb3%3D184%26be3%3D184%26pc3%3D184%26ld3%3D184%26t3%3D1775643120601%26sc4%3DimdbHeader%26bb4%3D196%26be4%3D197%26pc4%3D197%26ld4%3D197%26t4%3D1775643120614%26sc5%3DStaticFeature_Hero%26bb5%3D198%26be5%3D199%26pc5%3D199%26ld5%3D199%26t5%3D1775643120616%26sc6%3DStaticFeature_ProUpsellLink%26bb6%3D199%26be6%3D199%26pc6%3D199%26ld6%3D199%26t6%3D1775643120616%26sc7%3DStaticFeature_Awards%26bb7%3D199%26be7%3D199%26pc7%3D199%26ld7%3D199%26t7%3D1775643120616%26sc8%3DStaticFeature_Photos%26bb8%3D199%26be8%3D199%26pc8%3D199%26ld8%3D199%26t8%3D1775643120616%26sc9%3DStaticFeature_Filmography%26bb9%3D199%26be9%3D203%26pc9%3D203%26ld9%3D203%26t9%3D1775643120620%26sc10%3DStaticFeature_Videos%26bb10%3D203%26be10%3D203%26pc10%3D203%26ld10%3D203%26t10%3D1775643120620%26sc11%3DStaticFeature_PersonalDetails%26bb11%3D204%26be11%3D204%26pc11%3D204%26ld11%3D204%26t11%3D1775643120621%26sc12%3DStaticFeature_DidYouKnow%26bb12%3D204%26be12%3D204%26pc12%3D204%26ld12%3D204%26t12%3D1775643120621%26sc13%3DStaticFeature_FAQ%26bb13%3D204%26be13%3D204%26pc13%3D204%26ld13%3D204%26t13%3D1775643120621%26sc14%3DStaticFeature_News%26bb14%3D204%26be14%3D204%26pc14%3D204%26ld14%3D204%26t14%3D1775643120621%26sc15%3DStaticFeature_Contribution%26bb15%3D204%26be15%3D204%26pc15%3D204%26ld15%3D204%26t15%3D1775643120621%26sc16%3DLoadFooterJS%26bb16%3D205%26be16%3D206%26pc16%3D206%26ld16%3D206%26t16%3D1775643120623%26sc17%3DcsmCELLSframework%26bb17%3D211%26pc17%3D211%26ld17%3D211%26t17%3D1775643120628%26sc18%3DcsmCELLSpdm%26bb18%3D211%26pc18%3D243%26ld18%3D243%26t18%3D1775643120660%26sc19%3DcsmCELLSvpm%26bb19%3D244%26pc19%3D244%26ld19%3D244%26t19%3D1775643120661%26sc20%3DcsmCELLSfem%26bb20%3D244%26pc20%3D244%26ld20%3D244%26t20%3D1775643120661%26sc21%3DadSlotMount%26bb21%3D756%26pc21%3D756%26ld21%3D756%26t21%3D1775643121173%26sc22%3DMountReactJS%26pc22%3D757%26ld22%3D757%26t22%3D1775643121174%26ctb%3D1:762-198,50,293,288,314,316,327,276,327,62.000%,.49183,0.11,1.34
/-213,50,647,844,899,911,927,358,927,100.000%,.48902,0.75,0.59
/tr?fcn=IMDbNext-Client&ht=actionOnly&hr=https%3A%2F%2Fwww.imdb.com%2Ftitle%2Ftt0468569%2F%3Fref_%3Dhm_tpks_i_1_pd_tp1_pbr_ic&isu=false&mid=A1EVAM02EL8SFB&ip=103.252.224.25&pa=preview-playerready&pc=vi103334681&pt=name&ref=nm_ov&sid=138-5170172-6074708&st=1775643121718&spt=main&ua=Mozilla%2F5.0+%28Windows+NT+10.0%3B+Win64%3B+x64%3B+rv%3A149.0%29+Gecko%2F20100101+Firefox%2F149.0&pat=main&lang=en-US&cor=BD&sv=web&sc=200&sn=www.imdb.com&pi=%2Fname%2Fnm0634240%2F&qs=ref_%3Dtt_ov_2_2&rrid=00656AE02C30455A91A2-223,50,286,266,269,270,788,260,788,4.000%,.49197,0.30,0.55
/1/batch/1/OP/A1EVAM02EL8SFB:138-5170172-6074708:0MT20NMWGMC71260YPB5$uedata=s:undefined%3Fld%26v%3D0.343030.0%26id%3D0MT20NMWGMC71260YPB5%26sw%3D1920%26sh%3D1080%26vw%3D1920%26vh%3D947%26m%3D1%26sc%3D0MT20NMWGMC71260YPB5%26ue%3D1%26bb%3D185%26af%3D199%26cf%3D204%26be%3D211%26fcp%3D267%26fn%3D757%26pc%3D762%26tc%3D-3133%26na_%3D-3133%26ul_%3D-48%26_ul%3D-37%26rd_%3D-1775643120417%26_rd%3D-1775643120417%26fe_%3D-3044%26lk_%3D-3013%26_lk%3D-3013%26co_%3D-3013%26_co%3D-3012%26sc_%3D-3012%26rq_%3D-3012%26rs_%3D-3012%26_rs%3D-3012%26dl_%3D-48%26di_%3D271%26de_%3D746%26_de%3D746%26_dc%3D747%26ld_%3D747%26_ld%3D-1775643120417%26ntd%3D-14%26ty%3D0%26rc%3D0%26hob%3D0%26hoe%3D1%26ld%3D762%26t%3D1775643121179%26ctb%3D1%26rt%3Dcf%3A33-30-3-0-3-3-1_af%3A33-30-3-0-3-3-1_ld%3A47-30-3-13-3-3-0%26csmtags%3Dfls-na-amazon-com%7Cadblk_no%7Ccsm-feature-touch-enabled%3Afalse%26viz%3Dvisible%3A1%26pty%3Dname%26spty%3Dmain%26pti%3Dundefined%26tid%3DV6TH9D51ZVMCXW4Z8X48%26aftb%3D1%26ui%3D2%26lob%3D6:762-197,50,305,289,315,320,894,273,894,64.000%,.49177,0.11,0.70
/tr?fcn=IMDbNext-Client&ht=actionOnly&hr=https%3A%2F%2Fwww.imdb.com%2Ftitle%2Ftt0468569%2F%3Fref_%3Dhm_tpks_i_1_pd_tp1_pbr_ic&isu=false&mid=A1EVAM02EL8SFB&ip=103.252.224.25&pa=nv-menu-open&pc=nm0634240&pt=name&ref=nm_nv_menu_open&sid=138-5170172-6074708&st=1775643122043&spt=main&ua=Mozilla%2F5.0+%28Windows+NT+10.0%3B+Win64%3B+x64%3B+rv%3A149.0%29+Gecko%2F20100101+Firefox%2F149.0&pat=main&lang=en-US&cor=BD&sv=web&sc=200&sn=www.imdb.com&pi=%2Fname%2Fnm0634240%2F&qs=ref_%3Dtt_ov_2_2&rrid=4ACA43E927D74F3198C4-227,50,315,266,281,769,775,254,775,10.000%,.49194,0.30,0.56
/1/batch/1/OP/A1EVAM02EL8SFB:138-5170172-6074708:0MT20NMWGMC71260YPB5$uedata=s:undefined%3Fld%26v%3D0.343030.0%26id%3D0MT20NMWGMC71260YPB5%26ctb%3D1%26sc0%3DadSlotMount%26bb0%3D918%26pc0%3D919%26ld0%3D919%26t0%3D1775643121336%26pty%3Dname%26spty%3Dmain%26pti%3Dundefined%26tid%3DV6TH9D51ZVMCXW4Z8X48%26aftb%3D1%26lob%3D6:919-201,50,291,287,313,317,320,274,320,54.000%,.49177,0.11,0.38
/1/batch/1/OP/A1EVAM02EL8SFB:138-5170172-6074708:0MT20NMWGMC71260YPB5$uedata=s:undefined%3Fld%26v%3D0.343030.0%26id%3D0MT20NMWGMC71260YPB5%26ctb%3D1%26sc0%3DadSlotMount%26bb0%3D917%26pc0%3D917%26ld0%3D917%26t0%3D1775643121334%26pty%3Dname%26spty%3Dmain%26pti%3Dundefined%26tid%3DV6TH9D51ZVMCXW4Z8X48%26aftb%3D1%26lob%3D6:917-200,50,292,288,312,316,321,274,321,64.000%,.49173,0.11,0.38
/1/events/com.amazon.eel.katal.metrics.core.nexus-210,50,286,286,295,298,317,271,317,54.000%,.49179,0.28,0.56
/-216,50,718,829,850,852,877,322,877,100.000%,.48905,1.00,0.52
/1/events/com.amazon.eel.katal.metrics.core.nexus-215,50,321,278,289,291,1918,265,1918,18.000%,.49176,0.28,0.56
/1/events/com.amazon.eel.katal.metrics.core.nexus-211,50,277,276,285,287,312,266,312,10.000%,.49263,0.28,0.57
/tr?fcn=IMDbNext-Client&ht=actionOnly&hr=https%3A%2F%2Fwww.imdb.com%2Ftitle%2Ftt0468569%2F%3Fref_%3Dhm_tpks_i_1_pd_tp1_pbr_ic&isu=false&mid=A1EVAM02EL8SFB&ip=103.252.224.25&pa=preview-no-ad&pc=vi103334681&pt=name&ref=nm_ov&sid=138-5170172-6074708&st=1775643123259&spt=main&ua=Mozilla%2F5.0+%28Windows+NT+10.0%3B+Win64%3B+x64%3B+rv%3A149.0%29+Gecko%2F20100101+Firefox%2F149.0&pat=main&lang=en-US&cor=BD&sv=web&sc=200&sn=www.imdb.com&pi=%2Fname%2Fnm0634240%2F&qs=ref_%3Dtt_ov_2_2&rrid=A5F3A6A6CAA94564BEF9-236,50,11,11,13,14,21,9,21,0.000%,.49384,0.27,0.49
/1/batch/1/OP/A1EVAM02EL8SFB:138-5170172-6074708:0MT20NMWGMC71260YPB5$uedata=s:undefined%3Fld%26v%3D0.343030.0%26id%3D0MT20NMWGMC71260YPB5%26ctb%3D1%26sc0%3DLoadSis%26bb0%3D866%26be0%3D884%26pc0%3D1813%26ld0%3D1813%26t0%3D1775643122230%26pty%3Dname%26spty%3Dmain%26pti%3Dundefined%26tid%3DV6TH9D51ZVMCXW4Z8X48%26aftb%3D1%26lob%3D6:1814-228,50,292,287,314,316,326,274,326,54.000%,.49241,0.11,0.39
/b-235,50,187,183,194,197,348,170,348,2.000%,.49291,0.21,0.38
/tr?fcn=IMDbNext-Client&ht=actionOnly&hr=https%3A%2F%2Fwww.imdb.com%2Ftitle%2Ftt0468569%2F%3Fref_%3Dhm_tpks_i_1_pd_tp1_pbr_ic&isu=false&mid=A1EVAM02EL8SFB&ip=103.252.224.25&pa=preview-no-ad&pc=vi103334681&pt=name&ref=nm_ov&sid=138-5170172-6074708&st=1775643123259&spt=main&ua=Mozilla%2F5.0+%28Windows+NT+10.0%3B+Win64%3B+x64%3B+rv%3A149.0%29+Gecko%2F20100101+Firefox%2F149.0&pat=main&lang=en-US&cor=BD&sv=web&sc=200&sn=www.imdb.com&pi=%2Fname%2Fnm0634240%2F&qs=ref_%3Dtt_ov_2_2&rrid=A5F3A6A6CAA94564BEF9-237,50,293,266,270,273,774,254,774,6.000%,.49253,0.30,0.55
/1/events/com.amazon.csm.customsg.prod-239,50,284,284,295,296,301,266,301,44.000%,.49244,0.28,0.48
/1/batch/1/OE/-241,50,292,287,314,316,328,274,328,56.000%,.49225,0.15,0.32
/1/batch/1/OP/A1EVAM02EL8SFB:138-5170172-6074708:0MT20NMWGMC71260YPB5$uedata=s:undefined%3Fat%26v%3D0.343030.0%26id%3D0MT20NMWGMC71260YPB5%26m%3D1%26sc%3Dcsa%3Alcp%26lcp%3D366%26pc%3D3784%26at%3D3784%26t%3D1775643124201%26ec%3D1%26ecf%3D0%26pty%3Dname%26spty%3Dmain%26pti%3Dundefined%26tid%3DV6TH9D51ZVMCXW4Z8X48%26aftb%3D1%26lob%3D6:3784-240,50,303,288,317,321,858,274,858,56.000%,.49223,0.11,0.39
/1/batch/1/OP/A1EVAM02EL8SFB:138-5170172-6074708:0MT20NMWGMC71260YPB5$uedata=s:undefined%3Fat%26v%3D0.343030.0%26id%3D0MT20NMWGMC71260YPB5%26m%3D1%26sc%3Dcsa%3Avl100%26vl100%3D2205%26pc%3D3808%26at%3D3808%26t%3D1775643124225%26pty%3Dname%26spty%3Dmain%26pti%3Dundefined%26tid%3DV6TH9D51ZVMCXW4Z8X48%26aftb%3D1%26lob%3D6:3808-245,50,292,288,313,318,326,274,326,56.000%,.49220,0.11,0.38
/1/batch/1/OP/A1EVAM02EL8SFB:138-5170172-6074708:0MT20NMWGMC71260YPB5$uedata=s:undefined%3Fat%26v%3D0.343030.0%26id%3D0MT20NMWGMC71260YPB5%26m%3D1%26sc%3Dcsa%3Avl50%26vl50%3D344%26pc%3D3806%26at%3D3806%26t%3D1775643124223%26pty%3Dname%26spty%3Dmain%26pti%3Dundefined%26tid%3DV6TH9D51ZVMCXW4Z8X48%26aftb%3D1%26lob%3D6:3806-244,50,291,287,314,318,324,275,324,54.000%,.49217,0.11,0.38
/1/batch/1/OP/A1EVAM02EL8SFB:138-5170172-6074708:0MT20NMWGMC71260YPB5$uedata=s:undefined%3Fat%26v%3D0.343030.0%26id%3D0MT20NMWGMC71260YPB5%26m%3D1%26sc%3Dcsa%3Avl90%26vl90%3D1264%26pc%3D3807%26at%3D3807%26t%3D1775643124224%26pty%3Dname%26spty%3Dmain%26pti%3Dundefined%26tid%3DV6TH9D51ZVMCXW4Z8X48%26aftb%3D1%26lob%3D6:3807-243,50,292,286,312,317,325,274,325,56.000%,.49210,0.11,0.38
/1/events/com.amazon.csm.csa.prod-238,50,290,291,298,300,317,277,317,76.000%,.49220,0.28,39.56
/chart/top/-242,50,299,284,294,297,772,269,772,38.000%,.49218,1.34,0.26
/?operationName=Top250MoviesPagination&variables=%7B%22first%22%3A125%2C%22locale%22%3A%22en-US%22%7D&extensions=%7B%22persistedQuery%22%3A%7B%22sha256Hash%22%3A%223fe684000f533f225ba87cf001ef821c0c7de23a2644f7a27acebb04d85d974f%22%2C%22version%22%3A1%7D%7D-251,50,17,18,24,25,26,9,26,0.000%,.49345,0.34,0.43
/1/events/com.amazon.csm.csa.prod-246,50,298,280,291,293,1199,269,1199,20.000%,.49223,0.28,3.87
/?operationName=TitleTopGenres&variables=%7B%22locale%22%3A%22en-US%22%7D&extensions=%7B%22persistedQuery%22%3A%7B%22sha256Hash%22%3A%220c40619c605db369439327607ffc3017e7ce2073e979f7f7f2b3ac1b8129c6aa%22%2C%22version%22%3A1%7D%7D-259,50,10,10,12,14,15,8,15,0.000%,.49805,0.34,0.42
/-260,50,11,11,14,14,16,9,16,0.000%,.49804,0.58,0.52
/-252,50,102,14,491,498,622,10,622,18.000%,.49799,4.14,0.54
/-247,50,818,892,914,923,944,389,944,100.000%,.49590,0.61,0.75
/-250,50,688,837,883,886,915,328,915,100.000%,.49618,1.11,2.05
/1/batch/1/OP/A1EVAM02EL8SFB:138-5170172-6074708:D68WJ15S8Y9E576Z7SEJ$uedata=s:undefined%3Fld%26v%3D0.343030.0%26id%3DD68WJ15S8Y9E576Z7SEJ%26sw%3D1920%26sh%3D1080%26vw%3D1920%26vh%3D947%26m%3D1%26sc%3DD68WJ15S8Y9E576Z7SEJ%26ue%3D0%26bb%3D135%26be%3D169%26fcp%3D251%26fn%3D534%26pc%3D539%26tc%3D-2598%26na_%3D-2598%26ul_%3D-19%26_ul%3D-13%26rd_%3D-1775643126727%26_rd%3D-1775643126727%26fe_%3D-2520%26lk_%3D-2500%26_lk%3D-2499%26co_%3D-2498%26_co%3D-2497%26sc_%3D-2497%26rq_%3D-2497%26rs_%3D-2495%26_rs%3D-2495%26dl_%3D-19%26di_%3D207%26de_%3D535%26_de%3D535%26_dc%3D536%26ld_%3D536%26_ld%3D-1775643126727%26ntd%3D-2%26ty%3D0%26rc%3D0%26hob%3D0%26hoe%3D0%26ld%3D539%26t%3D1775643127266%26ctb%3D1%26rt%3D__ld%3A33-29-4-0-2-4-0%26csmtags%3Dfls-na-amazon-com%7Cadblk_no%7Ccsm-feature-touch-enabled%3Afalse%26viz%3Dvisible%3A0%26pty%3Dchart%26spty%3Dtop250movie%26pti%3Dundefined%26tid%3DV6TH9D51ZVMCXW4Z8X48%26aftb%3D1%26ui%3D2%26lob%3D6:540-248,50,303,288,315,320,847,275,847,60.000%,.49693,0.11,0.68
/-258,50,706,830,847,854,902,318,902,100.000%,.49431,1.01,0.52
/1/batch/1/OP/A1EVAM02EL8SFB:138-5170172-6074708:D68WJ15S8Y9E576Z7SEJ$uedata=s:undefined%3Fld%26v%3D0.343030.0%26id%3DD68WJ15S8Y9E576Z7SEJ%26sc0%3DLoadAds%26bb0%3D0%26be0%3D114%26pc0%3D115%26ld0%3D115%26t0%3D1775643126842%26sc1%3DLoadStyledComponents%26bb1%3D115%26be1%3D132%26pc1%3D132%26ld1%3D132%26t1%3D1775643126859%26sc2%3DLoadFonts%26bb2%3D133%26be2%3D229%26pc2%3D229%26ld2%3D229%26t2%3D1775643126956%26sc3%3DLoadIcons%26bb3%3D134%26be3%3D134%26pc3%3D134%26ld3%3D134%26t3%3D1775643126861%26sc4%3DimdbHeader%26bb4%3D143%26be4%3D144%26pc4%3D144%26ld4%3D144%26t4%3D1775643126871%26sc5%3DLoadFooterJS%26bb5%3D162%26be5%3D163%26pc5%3D163%26ld5%3D163%26t5%3D1775643126890%26sc6%3DcsmCELLSframework%26bb6%3D169%26pc6%3D169%26ld6%3D169%26t6%3D1775643126896%26sc7%3DcsmCELLSpdm%26bb7%3D169%26pc7%3D188%26ld7%3D188%26t7%3D1775643126915%26sc8%3DcsmCELLSvpm%26bb8%3D188%26pc8%3D188%26ld8%3D188%26t8%3D1775643126915%26sc9%3DcsmCELLSfem%26bb9%3D188%26pc9%3D188%26ld9%3D188%26t9%3D1775643126915%26sc10%3DadSlotMount%26bb10%3D533%26pc10%3D533%26ld10%3D533%26t10%3D1775643127260%26sc11%3DMountReactJS%26pc11%3D534%26ld11%3D534%26t11%3D1775643127261%26ctb%3D1:540-249,50,293,288,315,317,332,274,332,58.000%,.49656,0.11,0.79
/1/batch/1/OP/A1EVAM02EL8SFB:138-5170172-6074708:D68WJ15S8Y9E576Z7SEJ$uedata=s:undefined%3Fat%26v%3D0.343030.0%26id%3DD68WJ15S8Y9E576Z7SEJ%26m%3D1%26sc%3Dcsa%3Avl50%26vl50%3D657%26pc%3D670%26at%3D670%26t%3D1775643127397%26pty%3Dchart%26spty%3Dtop250movie%26pti%3Dundefined%26tid%3DV6TH9D51ZVMCXW4Z8X48%26aftb%3D1%26lob%3D6:670-254,50,292,287,313,318,331,273,331,54.000%,.49653,0.11,0.39
/1/batch/1/OP/A1EVAM02EL8SFB:138-5170172-6074708:D68WJ15S8Y9E576Z7SEJ$uedata=s:undefined%3Fat%26v%3D0.343030.0%26id%3DD68WJ15S8Y9E576Z7SEJ%26m%3D1%26sc%3Dcsa%3Avl100%26vl100%3D657%26pc%3D671%26at%3D671%26t%3D1775643127398%26pty%3Dchart%26spty%3Dtop250movie%26pti%3Dundefined%26tid%3DV6TH9D51ZVMCXW4Z8X48%26aftb%3D1%26lob%3D6:671-255,50,292,288,313,316,326,274,326,58.000%,.49651,0.11,0.39
/1/batch/1/OP/A1EVAM02EL8SFB:138-5170172-6074708:D68WJ15S8Y9E576Z7SEJ$uedata=s:undefined%3Fat%26v%3D0.343030.0%26id%3DD68WJ15S8Y9E576Z7SEJ%26m%3D1%26sc%3Dcsa%3Avl90%26vl90%3D657%26pc%3D671%26at%3D671%26t%3D1775643127398%26pty%3Dchart%26spty%3Dtop250movie%26pti%3Dundefined%26tid%3DV6TH9D51ZVMCXW4Z8X48%26aftb%3D1%26lob%3D6:671-253,50,292,288,314,315,324,275,324,54.000%,.49648,0.11,0.39
/1/batch/1/OP/A1EVAM02EL8SFB:138-5170172-6074708:D68WJ15S8Y9E576Z7SEJ$uedata=s:undefined%3Fat%26v%3D0.343030.0%26id%3DD68WJ15S8Y9E576Z7SEJ%26m%3D1%26sc%3Dcsa%3Alcp%26lcp%3D251%26pc%3D672%26at%3D672%26t%3D1775643127399%26pty%3Dchart%26spty%3Dtop250movie%26pti%3Dundefined%26tid%3DV6TH9D51ZVMCXW4Z8X48%26aftb%3D1%26lob%3D6:672-256,50,291,288,314,316,325,274,325,56.000%,.49647,0.11,0.39
/1/events/com.amazon.eel.katal.metrics.core.nexus-263,50,285,285,296,304,309,269,309,48.000%,.49654,0.29,0.57
/1/events/com.amazon.eel.katal.metrics.core.nexus-261,50,277,276,285,288,291,266,291,10.000%,.49662,0.29,0.57
/1/events/com.amazon.eel.katal.metrics.core.nexus-262,50,300,279,287,290,857,265,857,14.000%,.49665,0.29,0.57
/1/batch/1/OP/A1EVAM02EL8SFB:138-5170172-6074708:D68WJ15S8Y9E576Z7SEJ$uedata=s:undefined%3Fld%26v%3D0.343030.0%26id%3DD68WJ15S8Y9E576Z7SEJ%26ctb%3D1%26sc0%3DadSlotMount%26bb0%3D688%26pc0%3D688%26ld0%3D688%26t0%3D1775643127415%26pty%3Dchart%26spty%3Dtop250movie%26pti%3Dundefined%26tid%3DV6TH9D51ZVMCXW4Z8X48%26aftb%3D1%26lob%3D6:688-264,50,292,288,313,316,327,274,327,56.000%,.49653,0.11,0.39
/1/batch/1/OP/A1EVAM02EL8SFB:138-5170172-6074708:D68WJ15S8Y9E576Z7SEJ$uedata=s:undefined%3Fld%26v%3D0.343030.0%26id%3DD68WJ15S8Y9E576Z7SEJ%26ctb%3D1%26sc0%3DLoadSis%26bb0%3D646%26be0%3D656%26pc0%3D1546%26ld0%3D1546%26t0%3D1775643128273%26pty%3Dchart%26spty%3Dtop250movie%26pti%3Dundefined%26tid%3DV6TH9D51ZVMCXW4Z8X48%26aftb%3D1%26lob%3D6:1546-265,50,291,286,315,317,322,274,322,54.000%,.49651,0.11,0.40
/b-266,50,187,183,192,196,354,171,354,2.000%,.49624,0.21,0.37
/?operationName=Top250MoviesPagination&variables=%7B%22after%22%3A%22eyJlc1Rva2VuIjpbIjEyNSJdLCJmaWx0ZXIiOiJ7XCJjaGFydFwiOntcImNoYXJ0VHlwZVwiOlwiVE9QX1JBVEVEX01PVklFU1wifSxcImxhbmd1YWdlXCI6XCJlbi1VU1wiLFwicmVzdWx0SW5kZXhcIjoxMjR9Iiwic2lnIjoiYjViNjQxM2M5OWY2NWJhNTk1Mzg5MWM2YjdkMDJhYjNkNmYzM2E0ZjhlODQyMGNlZGQ2NmJhMDlmY2M4YjQxMCJ9%22%2C%22first%22%3A125%2C%22locale%22%3A%22en-US%22%7D&extensions=%7B%22persistedQuery%22%3A%7B%22sha256Hash%22%3A%223fe684000f533f225ba87cf001ef821c0c7de23a2644f7a27acebb04d85d974f%22%2C%22version%22%3A1%7D%7D-267,50,16,17,22,22,26,9,26,0.000%,.49704,0.34,0.57
/-268,50,89,14,437,473,502,11,502,16.000%,.49501,4.44,0.67
/api/_ajax/metrics/ops/-269,50,358,291,424,458,2350,279,2350,78.000%,.49604,0.44,0.81
/1/events/com.amazon.csm.customsg.prod-272,50,285,285,294,296,322,269,322,48.000%,.49648,0.29,0.49
/1/batch/1/OE/-270,50,292,285,313,316,323,275,323,50.000%,.49639,0.15,0.32
/1/events/com.amazon.csm.csa.prod-271,50,296,285,296,297,850,273,850,50.000%,.49650,0.29,22.05
/1/events/com.amazon.csm.csa.prod-274,50,277,276,286,289,291,265,291,14.000%,.49656,0.29,1.04
/api/_ajax/metrics/ops/-275,50,310,281,397,411,769,267,769,28.000%,.49659,0.44,0.62
/title/tt0111161/-273,50,289,277,286,292,788,265,788,12.000%,.49682,1.35,0.26
/1/events/com.amazon.csm.csa.prod-276,50,279,279,286,288,294,266,294,16.000%,.49687,0.29,1.63
/?operationName=ReviewSummary&variables=%7B%22id%22%3A%22tt0111161%22%2C%22locale%22%3A%22en-US%22%7D&extensions=%7B%22persistedQuery%22%3A%7B%22sha256Hash%22%3A%22d4e548891fd486aa7f4197fb818fa47354c28213174f746d21f4a7739e918e89%22%2C%22version%22%3A1%7D%7D-280,50,19,19,26,27,32,10,32,0.000%,.49816,0.34,0.43
/?operationName=PersonalizedUserData&variables=%7B%22fetchOtherUserRating%22%3Afalse%2C%22idArray%22%3A%5B%22tt0468569%22%2C%22tt0109830%22%2C%22tt0068646%22%2C%22tt0137523%22%2C%22tt0114369%22%2C%22tt1375666%22%2C%22tt0816692%22%2C%22tt0110912%22%2C%22tt0120689%22%2C%22tt0108052%22%2C%22tt0071562%22%2C%22tt0167260%22%5D%2C%22includeUserData%22%3Afalse%2C%22includeWatchedData%22%3Afalse%2C%22locale%22%3A%22en-US%22%2C%22location%22%3A%7B%22latLong%22%3A%7B%22lat%22%3A%2223.72%22%2C%22long%22%3A%2290.41%22%7D%7D%7D&extensions=%7B%22persistedQuery%22%3A%7B%22sha256Hash%22%3A%227c4e0771d67f21fc27fd44fc46d49cc589225a9c5e63e51cc0b8d42f39ee99cc%22%2C%22version%22%3A1%7D%7D-282,50,11,11,14,16,17,9,17,0.000%,.49815,0.34,0.64
/?operationName=HERO_WATCH_BOX&variables=%7B%22heroNowDateDay%22%3A8%2C%22heroNowDateMonth%22%3A4%2C%22heroNowDateYear%22%3A2026%2C%22heroYesterdayDateDay%22%3A7%2C%22heroYesterdayDateMonth%22%3A4%2C%22heroYesterdayDateYear%22%3A2026%2C%22id%22%3A%22tt0111161%22%2C%22includeUserPreferredServices%22%3Afalse%2C%22locale%22%3A%22en-US%22%2C%22location%22%3A%7B%22latLong%22%3A%7B%22lat%22%3A%2223.72%22%2C%22long%22%3A%2290.41%22%7D%7D%7D&extensions=%7B%22persistedQuery%22%3A%7B%22sha256Hash%22%3A%2245a4e574562d71de9f5c7efe76d5e47a08f06457c6a69749802218db5162f3d6%22%2C%22version%22%3A1%7D%7D-281,50,11,11,14,15,19,9,19,0.000%,.49811,0.34,0.60
/?operationName=ReactionsForEntities&variables=%7B%22aggregateEntityIds%22%3A%5B%22vi3877612057%22%2C%22vi976077081%22%2C%22vi2425798425%22%2C%22vi2910632473%22%2C%22vi2032974361%22%2C%22vi1874967321%22%5D%2C%22userEntityIds%22%3A%5B%5D%7D&extensions=%7B%22persistedQuery%22%3A%7B%22sha256Hash%22%3A%2260c3e6ca9f78c1562108efac862e83d46807e873ed461a3692959fa4c9a780e8%22%2C%22version%22%3A1%7D%7D-290,50,12,11,13,15,75,8,75,0.000%,.49808,0.34,0.50
/vi3877612057/hls-preview-ab1a76ea-87f8-41cf-88e4-db41298660e8.m3u8-297,50,18,18,25,26,30,11,30,0.000%,.49798,0.36,0.42
/tr?fcn=IMDbNext-Client&ht=actionOnly&hr=https%3A%2F%2Fwww.imdb.com%2Fchart%2Ftop%2F%3Fref_%3Dnm_nv_menu&isu=false&mid=A1EVAM02EL8SFB&ip=103.252.224.25&pa=preview-playerready&pc=vi3877612057&pt=title&ref=tt_ov&sid=138-5170172-6074708&st=1775643137618&spt=main&ua=Mozilla%2F5.0+%28Windows+NT+10.0%3B+Win64%3B+x64%3B+rv%3A149.0%29+Gecko%2F20100101+Firefox%2F149.0&pat=main&lang=en-US&cor=BD&sv=web&sc=200&sn=www.imdb.com&pi=%2Ftitle%2Ftt0111161%2F&qs=ref_%3Dchttp_t_1&rrid=08997285F3054429B1DE-298,50,15,15,19,20,26,10,26,0.000%,.49795,0.28,0.49
/-277,50,905,904,922,931,981,879,981,100.000%,.49354,0.60,0.74
/-283,50,697,795,809,814,819,289,819,100.000%,.49433,0.63,0.53
/tr?fcn=IMDbNext-Client&ht=actionOnly&hr=https%3A%2F%2Fwww.imdb.com%2Fchart%2Ftop%2F%3Fref_%3Dnm_nv_menu&isu=false&mid=A1EVAM02EL8SFB&ip=103.252.224.25&pa=nv-menu-open&pc=tt0111161&pt=title&ref=tt_nv_menu_open&sid=138-5170172-6074708&st=1775643137872&spt=main&ua=Mozilla%2F5.0+%28Windows+NT+10.0%3B+Win64%3B+x64%3B+rv%3A149.0%29+Gecko%2F20100101+Firefox%2F149.0&pat=main&lang=en-US&cor=BD&sv=web&sc=200&sn=www.imdb.com&pi=%2Ftitle%2Ftt0111161%2F&qs=ref_%3Dchttp_t_1&rrid=34E9F54188F4458BBF32-300,50,10,10,12,13,17,8,17,0.000%,.49819,0.28,0.49
/-285,50,632,787,807,808,843,276,843,92.000%,.49685,0.56,0.70
/tr?fcn=IMDbNext-Client&ht=actionOnly&hr=https%3A%2F%2Fwww.imdb.com%2Fchart%2Ftop%2F%3Fref_%3Dnm_nv_menu&isu=false&mid=A1EVAM02EL8SFB&ip=103.252.224.25&pa=preview-playerready&pc=vi3877612057&pt=title&ref=tt_ov&sid=138-5170172-6074708&st=1775643137618&spt=main&ua=Mozilla%2F5.0+%28Windows+NT+10.0%3B+Win64%3B+x64%3B+rv%3A149.0%29+Gecko%2F20100101+Firefox%2F149.0&pat=main&lang=en-US&cor=BD&sv=web&sc=200&sn=www.imdb.com&pi=%2Ftitle%2Ftt0111161%2F&qs=ref_%3Dchttp_t_1&rrid=08997285F3054429B1DE-299,50,274,264,269,271,768,258,768,2.000%,.49975,0.30,0.55
/-284,50,585,785,804,810,819,285,819,98.000%,.49712,0.52,0.74
/1/batch/1/OP/A1EVAM02EL8SFB:138-5170172-6074708:A23EYHR16B5DEGKV2KJT$uedata=s:undefined%3Fld%26v%3D0.343030.0%26id%3DA23EYHR16B5DEGKV2KJT%26sw%3D1920%26sh%3D1080%26vw%3D1920%26vh%3D947%26m%3D1%26sc%3DA23EYHR16B5DEGKV2KJT%26ue%3D0%26bb%3D184%26af%3D203%26cf%3D275%26be%3D284%26fcp%3D255%26fn%3D1150%26pc%3D1181%26tc%3D-4466%26na_%3D-4466%26ul_%3D-31%26_ul%3D-29%26rd_%3D-1775643135792%26_rd%3D-1775643135792%26fe_%3D-4463%26lk_%3D-4379%26_lk%3D-4379%26co_%3D-4379%26_co%3D-4378%26sc_%3D-4378%26rq_%3D-4378%26rs_%3D-4377%26_rs%3D-4377%26dl_%3D-31%26di_%3D309%26de_%3D1163%26_de%3D1165%26_dc%3D1172%26ld_%3D1173%26_ld%3D-1775643135792%26ntd%3D-8%26ty%3D0%26rc%3D0%26hob%3D0%26hoe%3D0%26ld%3D1181%26t%3D1775643136973%26ctb%3D1%26rt%3Dcf%3A54-42-4-8-3-4-0_af%3A54-42-4-8-3-4-1_ld%3A55-42-4-8-3-5-0%26csmtags%3Dfls-na-amazon-com%26viz%3Dvisible%3A0%26pty%3Dtitle%26spty%3Dmain%26pti%3Dundefined%26tid%3DV6TH9D51ZVMCXW4Z8X48%26aftb%3D1%26lob%3D6:1184-278,50,295,291,320,320,324,275,324,66.000%,.49724,0.11,0.69
/1/batch/1/OP/A1EVAM02EL8SFB:138-5170172-6074708:A23EYHR16B5DEGKV2KJT$uedata=s:undefined%3Fld%26v%3D0.343030.0%26id%3DA23EYHR16B5DEGKV2KJT%26sc0%3DLoadAds%26bb0%3D1%26be0%3D176%26pc0%3D176%26ld0%3D176%26t0%3D1775643135968%26sc1%3DLoadStyledComponents%26bb1%3D176%26be1%3D181%26pc1%3D181%26ld1%3D181%26t1%3D1775643135973%26sc2%3DLoadFonts%26bb2%3D182%26be2%3D373%26pc2%3D373%26ld2%3D373%26t2%3D1775643136165%26sc3%3DLoadIcons%26bb3%3D183%26be3%3D183%26pc3%3D183%26ld3%3D183%26t3%3D1775643135975%26sc4%3DimdbHeader%26bb4%3D200%26be4%3D201%26pc4%3D201%26ld4%3D201%26t4%3D1775643135993%26sc5%3DStaticFeature_Hero%26bb5%3D202%26be5%3D203%26pc5%3D203%26ld5%3D203%26t5%3D1775643135995%26sc6%3DStaticFeature_ProUpsellLink%26bb6%3D278%26be6%3D278%26pc6%3D278%26ld6%3D278%26t6%3D1775643136070%26sc7%3DStaticFeature_Awards%26bb7%3D203%26be7%3D203%26pc7%3D203%26ld7%3D203%26t7%3D1775643135995%26sc8%3DStaticFeature_Videos%26bb8%3D203%26be8%3D203%26pc8%3D203%26ld8%3D203%26t8%3D1775643135995%26sc9%3DStaticFeature_Photos%26bb9%3D203%26be9%3D203%26pc9%3D203%26ld9%3D203%26t9%3D1775643135995%26sc10%3DStaticFeature_Cast%26bb10%3D203%26be10%3D204%26pc10%3D204%26ld10%3D204%26t10%3D1775643135996%26sc11%3DStaticFeature_UserReviews%26bb11%3D204%26be11%3D204%26pc11%3D275%26ld11%3D275%26t11%3D1775643136067%26sc12%3DStaticFeature_ContentSymphony_center-3%26bb12%3D275%26be12%3D276%26pc12%3D276%26ld12%3D276%26t12%3D1775643136068%26sc13%3DStaticFeature_MoreLikeThis%26bb13%3D276%26be13%3D277%26pc13%3D277%26ld13%3D277%26t13%3D1775643136069%26sc14%3DStaticFeature_RelatedInterests%26bb14%3D277%26be14%3D277%26pc14%3D277%26ld14%3D277%26t14%3D1775643136069%26sc15%3DStaticFeature_DidYouKnow%26bb15%3D277%26be15%3D277%26pc15%3D277%26ld15%3D277%26t15%3D1775643136069%26sc16%3DStaticFeature_FAQ%26bb16%3D277%26be16%3D277%26pc16%3D277%26ld16%3D277%26t16%3D1775643136069%26sc17%3DStaticFeature_Details%26bb17%3D277%26be17%3D278%26pc17%3D278%26ld17%3D278%26t17%3D1775643136070%26sc18%3DStaticFeature_BoxOffice%26bb18%3D278%26be18%3D278%26pc18%3D278%26ld18%3D278%26t18%3D1775643136070%26sc19%3DStaticFeature_TechSpecs%26bb19%3D278%26be19%3D278%26pc19%3D278%26ld19%3D278%26t19%3D1775643136070%26sc20%3DStaticFeature_News%26bb20%3D278%26be20%3D278%26pc20%3D278%26ld20%3D278%26t20%3D1775643136070%26sc21%3DStaticFeature_Contribution%26bb21%3D278%26be21%3D279%26pc21%3D279%26ld21%3D279%26t21%3D1775643136071%26sc22%3DLoadFooterJS%26bb22%3D279%26be22%3D280%26pc22%3D280%26ld22%3D280%26t22%3D1775643136072%26sc23%3DcsmCELLSframework%26bb23%3D285%26pc23%3D285%26ld23%3D285%26t23%3D1775643136077%26sc24%3DcsmCELLSpdm%26bb24%3D285%26pc24%3D307%26ld24%3D307%26t24%3D1775643136099%26sc25%3DcsmCELLSvpm%26bb25%3D307%26pc25%3D307%26ld25%3D307%26t25%3D1775643136099%26sc26%3DcsmCELLSfem%26bb26%3D307%26pc26%3D307%26ld26%3D307%26t26%3D1775643136099%26sc27%3DadSlotMount%26bb27%3D1148%26pc27%3D1148%26ld27%3D1148%26t27%3D1775643136940%26sc28%3DMountReactJS%26pc28%3D1150%26ld28%3D1150%26t28%3D1775643136942%26ctb%3D1:1184-279,50,293,288,314,320,326,276,326,56.000%,.49722,0.11,1.67
/tr?fcn=IMDbNext-Client&ht=actionOnly&hr=https%3A%2F%2Fwww.imdb.com%2Fchart%2Ftop%2F%3Fref_%3Dnm_nv_menu&isu=false&mid=A1EVAM02EL8SFB&ip=103.252.224.25&pa=review-genai&pc=tt0111161&pt=title&ref=tt_ururv_genai&sid=138-5170172-6074708&st=1775643138118&spt=main&ua=Mozilla%2F5.0+%28Windows+NT+10.0%3B+Win64%3B+x64%3B+rv%3A149.0%29+Gecko%2F20100101+Firefox%2F149.0&pat=main&lang=en-US&cor=BD&sv=web&sc=200&sn=www.imdb.com&pi=%2Ftitle%2Ftt0111161%2F&qs=ref_%3Dchttp_t_1&rrid=00F92A864F9F4AC7BA0E-303,50,10,11,13,14,14,8,14,0.000%,.49864,0.28,0.49
/tr?fcn=IMDbNext-Client&ht=actionOnly&hr=https%3A%2F%2Fwww.imdb.com%2Fchart%2Ftop%2F%3Fref_%3Dnm_nv_menu&isu=false&mid=A1EVAM02EL8SFB&ip=103.252.224.25&pa=nv-menu-open&pc=tt0111161&pt=title&ref=tt_nv_menu_open&sid=138-5170172-6074708&st=1775643137872&spt=main&ua=Mozilla%2F5.0+%28Windows+NT+10.0%3B+Win64%3B+x64%3B+rv%3A149.0%29+Gecko%2F20100101+Firefox%2F149.0&pat=main&lang=en-US&cor=BD&sv=web&sc=200&sn=www.imdb.com&pi=%2Ftitle%2Ftt0111161%2F&qs=ref_%3Dchttp_t_1&rrid=34E9F54188F4458BBF32-301,50,275,265,269,270,770,259,770,2.000%,.49737,0.30,0.56
/tr?fcn=IMDbNext-Client&ht=actionOnly&hr=https%3A%2F%2Fwww.imdb.com%2Fchart%2Ftop%2F%3Fref_%3Dnm_nv_menu&isu=false&mid=A1EVAM02EL8SFB&ip=103.252.224.25&pa=preview-no-ad&pc=vi3877612057&pt=title&ref=tt_ov&sid=138-5170172-6074708&st=1775643138277&spt=main&ua=Mozilla%2F5.0+%28Windows+NT+10.0%3B+Win64%3B+x64%3B+rv%3A149.0%29+Gecko%2F20100101+Firefox%2F149.0&pat=main&lang=en-US&cor=BD&sv=web&sc=200&sn=www.imdb.com&pi=%2Ftitle%2Ftt0111161%2F&qs=ref_%3Dchttp_t_1&rrid=CADD5F0F75964C2ABD99-306,50,10,10,12,13,18,8,18,0.000%,.49864,0.28,0.49
/1/events/com.amazon.eel.katal.metrics.core.nexus-296,50,285,285,295,299,306,269,306,48.000%,.49721,0.29,0.57
/1/events/com.amazon.eel.katal.metrics.core.nexus-294,50,276,276,285,287,291,265,291,8.000%,.49722,0.29,0.57
/1/events/com.amazon.eel.katal.metrics.core.nexus-295,50,301,279,291,296,852,265,852,22.000%,.49720,0.29,0.57
/-288,50,549,326,827,830,842,307,842,100.000%,.49457,0.53,0.52
/-293,50,612,420,909,910,916,358,916,100.000%,.49396,0.77,0.60
/1/batch/1/OP/A1EVAM02EL8SFB:138-5170172-6074708:A23EYHR16B5DEGKV2KJT$uedata=s:undefined%3Fat%26v%3D0.343030.0%26id%3DA23EYHR16B5DEGKV2KJT%26ctb%3D1%26m%3D1%26sc%3DA23EYHR16B5DEGKV2KJT%26pc%3D1598%26at%3D1598%26t%3D1775643137390%26csmtags%3Dcsm-feature-touch-enabled%3Afalse%26pty%3Dtitle%26spty%3Dmain%26pti%3Dundefined%26tid%3DV6TH9D51ZVMCXW4Z8X48%26aftb%3D1%26lob%3D6:1598-286,50,304,286,319,320,898,274,898,56.000%,.49440,0.11,0.41
/tr?fcn=IMDbNext-Client&ht=actionOnly&hr=https%3A%2F%2Fwww.imdb.com%2Fchart%2Ftop%2F%3Fref_%3Dnm_nv_menu&isu=false&mid=A1EVAM02EL8SFB&ip=103.252.224.25&pa=review-genai&pc=tt0111161&pt=title&ref=tt_ururv_genai&sid=138-5170172-6074708&st=1775643138118&spt=main&ua=Mozilla%2F5.0+%28Windows+NT+10.0%3B+Win64%3B+x64%3B+rv%3A149.0%29+Gecko%2F20100101+Firefox%2F149.0&pat=main&lang=en-US&cor=BD&sv=web&sc=200&sn=www.imdb.com&pi=%2Ftitle%2Ftt0111161%2F&qs=ref_%3Dchttp_t_1&rrid=00F92A864F9F4AC7BA0E-304,50,285,266,271,272,772,256,772,4.000%,.49455,0.30,0.55
/1/batch/1/OP/A1EVAM02EL8SFB:138-5170172-6074708:A23EYHR16B5DEGKV2KJT$uedata=s:undefined%3Fld%26v%3D0.343030.0%26id%3DA23EYHR16B5DEGKV2KJT%26ctb%3D1%26sc0%3DadSlotMount%26bb0%3D1644%26pc0%3D1644%26ld0%3D1644%26t0%3D1775643137436%26pty%3Dtitle%26spty%3Dmain%26pti%3Dundefined%26tid%3DV6TH9D51ZVMCXW4Z8X48%26aftb%3D1%26lob%3D6:1644-287,50,292,288,315,321,329,275,329,58.000%,.49436,0.11,0.39
/1/batch/1/OP/A1EVAM02EL8SFB:138-5170172-6074708:A23EYHR16B5DEGKV2KJT$uedata=s:undefined%3Fat%26v%3D0.343030.0%26id%3DA23EYHR16B5DEGKV2KJT%26ctb%3D1%26m%3D1%26sc%3DA23EYHR16B5DEGKV2KJT%26pc%3D1672%26at%3D1672%26t%3D1775643137464%26pty%3Dtitle%26spty%3Dmain%26pti%3Dundefined%26tid%3DV6TH9D51ZVMCXW4Z8X48%26aftb%3D1%26ui%3D2%26lob%3D6:1672-291,50,292,285,315,318,325,273,325,50.000%,.49433,0.11,0.39
/1/batch/1/OP/A1EVAM02EL8SFB:138-5170172-6074708:A23EYHR16B5DEGKV2KJT$uedata=s:undefined%3Fld%26v%3D0.343030.0%26id%3DA23EYHR16B5DEGKV2KJT%26ctb%3D1%26sc0%3DadSlotMount%26bb0%3D1645%26pc0%3D1645%26ld0%3D1645%26t0%3D1775643137437%26pty%3Dtitle%26spty%3Dmain%26pti%3Dundefined%26tid%3DV6TH9D51ZVMCXW4Z8X48%26aftb%3D1%26lob%3D6:1645-289,50,292,287,315,317,328,274,328,56.000%,.49430,0.11,0.39
/tr?fcn=IMDbNext-Client&ht=actionOnly&hr=https%3A%2F%2Fwww.imdb.com%2Fchart%2Ftop%2F%3Fref_%3Dnm_nv_menu&isu=false&mid=A1EVAM02EL8SFB&ip=103.252.224.25&pa=preview-no-ad&pc=vi3877612057&pt=title&ref=tt_ov&sid=138-5170172-6074708&st=1775643138277&spt=main&ua=Mozilla%2F5.0+%28Windows+NT+10.0%3B+Win64%3B+x64%3B+rv%3A149.0%29+Gecko%2F20100101+Firefox%2F149.0&pat=main&lang=en-US&cor=BD&sv=web&sc=200&sn=www.imdb.com&pi=%2Ftitle%2Ftt0111161%2F&qs=ref_%3Dchttp_t_1&rrid=CADD5F0F75964C2ABD99-307,50,295,266,271,272,794,255,794,6.000%,.49450,0.30,0.54
/1/batch/1/OP/A1EVAM02EL8SFB:138-5170172-6074708:A23EYHR16B5DEGKV2KJT$uedata=s:undefined%3Fat%26v%3D0.343030.0%26id%3DA23EYHR16B5DEGKV2KJT%26m%3D1%26sc%3Dadblk_no%26pc%3D1698%26at%3D1698%26t%3D1775643137490%26csmtags%3Dadblk_no%26pty%3Dtitle%26spty%3Dmain%26pti%3Dundefined%26tid%3DV6TH9D51ZVMCXW4Z8X48%26aftb%3D1%26lob%3D6:1698-302,50,291,287,312,316,331,274,331,54.000%,.49428,0.11,0.39
/1/batch/1/OP/A1EVAM02EL8SFB:138-5170172-6074708:A23EYHR16B5DEGKV2KJT$uedata=s:undefined%3Fld%26v%3D0.343030.0%26id%3DA23EYHR16B5DEGKV2KJT%26ctb%3D1%26sc0%3DLoadSis%26bb0%3D1542%26be0%3D1587%26pc0%3D2484%26ld0%3D2484%26t0%3D1775643138276%26pty%3Dtitle%26spty%3Dmain%26pti%3Dundefined%26tid%3DV6TH9D51ZVMCXW4Z8X48%26aftb%3D1%26lob%3D6:2484-305,50,292,288,316,320,324,272,324,54.000%,.49425,0.11,0.39
/-308,50,700,830,861,867,879,324,879,100.000%,.49157,1.00,0.52
/1/events/com.amazon.csm.customsg.prod-309,50,295,285,295,296,815,268,815,46.000%,.49162,0.28,0.48
/1/batch/1/OE/-311,50,292,286,313,318,327,274,327,52.000%,.49155,0.15,0.32
/1/events/com.amazon.csm.csa.prod-310,50,310,292,312,313,814,280,814,80.000%,.48906,0.28,46.59
/chart/toptv/-312,50,331,288,300,306,2383,270,2383,60.000%,.48902,1.33,0.26
/1/events/com.amazon.csm.csa.prod-313,50,316,279,292,300,1146,264,1146,20.000%,.48909,0.28,0.54
/1/events/com.amazon.csm.csa.prod-314,50,289,279,288,290,790,266,790,14.000%,.48901,0.28,1.82
/?operationName=RVI_Items&variables=%7B%22count%22%3A15%2C%22locale%22%3A%22en-US%22%7D&extensions=%7B%22persistedQuery%22%3A%7B%22sha256Hash%22%3A%2232eda43bfa1053f69036b945638fc4a0ae6cc4a2429de224b3185f8b0e37717b%22%2C%22version%22%3A1%7D%7D-324,50,13,11,16,31,45,9,45,0.000%,.49029,0.33,0.42
/?operationName=TopRatedTvShowsPagination&variables=%7B%22first%22%3A125%2C%22locale%22%3A%22en-US%22%7D&extensions=%7B%22persistedQuery%22%3A%7B%22sha256Hash%22%3A%2277fc5a386555e334e7371d73af5bc085767c51c0b6f5bcf9d6487ab02836d405%22%2C%22version%22%3A1%7D%7D-325,50,20,20,28,30,47,10,47,0.000%,.49020,0.33,0.43
/-327,50,96,13,497,519,747,10,747,16.000%,.49024,4.50,0.53
/-315,50,762,889,921,941,948,378,948,100.000%,.49070,0.60,0.74
/-326,50,696,824,856,867,1930,318,1930,100.000%,.49093,1.00,0.52
/-319,50,608,379,880,896,931,331,931,100.000%,.49058,1.29,2.03
/1/batch/1/OP/A1EVAM02EL8SFB:138-5170172-6074708:9WJF5CDP1PZ8VK9Y12E6$uedata=s:undefined%3Fld%26v%3D0.343030.0%26id%3D9WJF5CDP1PZ8VK9Y12E6%26sc0%3DLoadAds%26bb0%3D1%26be0%3D215%26pc0%3D215%26ld0%3D215%26t0%3D1775643142984%26sc1%3DLoadStyledComponents%26bb1%3D215%26be1%3D219%26pc1%3D219%26ld1%3D219%26t1%3D1775643142988%26sc2%3DLoadFonts%26bb2%3D219%26be2%3D282%26pc2%3D282%26ld2%3D282%26t2%3D1775643143051%26sc3%3DLoadIcons%26bb3%3D221%26be3%3D221%26pc3%3D221%26ld3%3D221%26t3%3D1775643142990%26sc4%3DimdbHeader%26bb4%3D231%26be4%3D234%26pc4%3D234%26ld4%3D234%26t4%3D1775643143003%26sc5%3DLoadFooterJS%26bb5%3D237%26be5%3D238%26pc5%3D238%26ld5%3D238%26t5%3D1775643143007%26sc6%3DcsmCELLSframework%26bb6%3D244%26pc6%3D244%26ld6%3D244%26t6%3D1775643143013%26sc7%3DcsmCELLSpdm%26bb7%3D245%26pc7%3D266%26ld7%3D266%26t7%3D1775643143035%26sc8%3DcsmCELLSvpm%26bb8%3D266%26pc8%3D266%26ld8%3D266%26t8%3D1775643143035%26sc9%3DcsmCELLSfem%26bb9%3D266%26pc9%3D266%26ld9%3D266%26t9%3D1775643143035%26sc10%3DadSlotMount%26bb10%3D599%26pc10%3D599%26ld10%3D599%26t10%3D1775643143368%26sc11%3DMountReactJS%26pc11%3D601%26ld11%3D601%26t11%3D1775643143370%26ctb%3D1:606-317,50,431,292,1135,1153,1285,274,1285,62.000%,.48979,0.11,0.78
/1/batch/1/OP/A1EVAM02EL8SFB:138-5170172-6074708:9WJF5CDP1PZ8VK9Y12E6$uedata=s:undefined%3Fld%26v%3D0.343030.0%26id%3D9WJF5CDP1PZ8VK9Y12E6%26sw%3D1920%26sh%3D1080%26vw%3D1920%26vh%3D947%26m%3D1%26sc%3D9WJF5CDP1PZ8VK9Y12E6%26ue%3D1%26bb%3D222%26be%3D244%26fcp%3D314%26fn%3D601%26pc%3D605%26tc%3D-3768%26na_%3D-3768%26ul_%3D-33%26_ul%3D-24%26rd_%3D-1775643142769%26_rd%3D-1775643142769%26fe_%3D-3751%26lk_%3D-3735%26_lk%3D-3727%26co_%3D-3724%26_co%3D-3722%26sc_%3D-3722%26rq_%3D-3722%26rs_%3D-3722%26_rs%3D-3722%26dl_%3D-33%26di_%3D258%26de_%3D592%26_de%3D593%26_dc%3D594%26ld_%3D594%26_ld%3D-1775643142769%26ntd%3D-11%26ty%3D0%26rc%3D0%26hob%3D0%26hoe%3D1%26ld%3D605%26t%3D1775643143374%26ctb%3D1%26rt%3D__ld%3A33-29-4-0-2-4-0%26csmtags%3Dfls-na-amazon-com%7Cadblk_no%26viz%3Dvisible%3A1%26pty%3Dchart%26spty%3Dtop250tv%26pti%3Dundefined%26tid%3DV6TH9D51ZVMCXW4Z8X48%26aftb%3D1%26lob%3D6:606-316,50,297,287,320,322,601,260,601,54.000%,.49006,0.11,0.65
/1/batch/1/OP/A1EVAM02EL8SFB:138-5170172-6074708:9WJF5CDP1PZ8VK9Y12E6$uedata=s:undefined%3Fat%26v%3D0.343030.0%26id%3D9WJF5CDP1PZ8VK9Y12E6%26m%3D1%26sc%3Dcsa%3Avl100%26vl100%3D728%26pc%3D742%26at%3D742%26t%3D1775643143511%26pty%3Dchart%26spty%3Dtop250tv%26pti%3Dundefined%26tid%3DV6TH9D51ZVMCXW4Z8X48%26aftb%3D1%26lob%3D6:742-322,50,323,285,320,324,1157,259,1157,48.000%,.49034,0.11,0.38
/1/batch/1/OP/A1EVAM02EL8SFB:138-5170172-6074708:9WJF5CDP1PZ8VK9Y12E6$uedata=s:undefined%3Fat%26v%3D0.343030.0%26id%3D9WJF5CDP1PZ8VK9Y12E6%26m%3D1%26sc%3Dcsa%3Avl50%26vl50%3D728%26pc%3D740%26at%3D740%26t%3D1775643143509%26pty%3Dchart%26spty%3Dtop250tv%26pti%3Dundefined%26tid%3DV6TH9D51ZVMCXW4Z8X48%26aftb%3D1%26lob%3D6:740-321,50,373,286,323,1094,1186,260,1186,52.000%,.49061,0.11,0.38
/1/batch/1/OP/A1EVAM02EL8SFB:138-5170172-6074708:9WJF5CDP1PZ8VK9Y12E6$uedata=s:undefined%3Fat%26v%3D0.343030.0%26id%3D9WJF5CDP1PZ8VK9Y12E6%26m%3D1%26sc%3Dcsa%3Alcp%26lcp%3D314%26pc%3D743%26at%3D743%26t%3D1775643143512%26pty%3Dchart%26spty%3Dtop250tv%26pti%3Dundefined%26tid%3DV6TH9D51ZVMCXW4Z8X48%26aftb%3D1%26lob%3D6:743-323,50,343,285,321,323,1530,258,1530,50.000%,.49089,0.11,0.38
/1/batch/1/OP/A1EVAM02EL8SFB:138-5170172-6074708:9WJF5CDP1PZ8VK9Y12E6$uedata=s:undefined%3Fat%26v%3D0.343030.0%26id%3D9WJF5CDP1PZ8VK9Y12E6%26m%3D1%26sc%3Dcsa%3Avl90%26vl90%3D728%26pc%3D742%26at%3D742%26t%3D1775643143511%26pty%3Dchart%26spty%3Dtop250tv%26pti%3Dundefined%26tid%3DV6TH9D51ZVMCXW4Z8X48%26aftb%3D1%26lob%3D6:742-320,50,307,285,317,321,1214,259,1214,48.000%,.49117,0.11,0.38
/1/batch/1/OP/A1EVAM02EL8SFB:138-5170172-6074708:9WJF5CDP1PZ8VK9Y12E6$uedata=s:undefined%3Fld%26v%3D0.343030.0%26id%3D9WJF5CDP1PZ8VK9Y12E6%26ctb%3D1%26sc0%3DadSlotMount%26bb0%3D757%26pc0%3D757%26ld0%3D757%26t0%3D1775643143526%26pty%3Dchart%26spty%3Dtop250tv%26pti%3Dundefined%26tid%3DV6TH9D51ZVMCXW4Z8X48%26aftb%3D1%26lob%3D6:758-328,50,357,286,321,882,1233,258,1233,54.000%,.49145,0.11,0.38
/api/_ajax/metrics/ops/-329,50,323,302,370,426,806,282,806,86.000%,.48910,0.43,0.80
/b-331,50,186,184,194,195,249,173,249,0.000%,.48968,0.21,0.36
/1/batch/1/OP/A1EVAM02EL8SFB:138-5170172-6074708:9WJF5CDP1PZ8VK9Y12E6$uedata=s:undefined%3Fld%26v%3D0.343030.0%26id%3D9WJF5CDP1PZ8VK9Y12E6%26ctb%3D1%26sc0%3DLoadSis%26bb0%3D719%26be0%3D727%26pc0%3D3998%26ld0%3D3998%26t0%3D1775643146767%26pty%3Dchart%26spty%3Dtop250tv%26pti%3Dundefined%26tid%3DV6TH9D51ZVMCXW4Z8X48%26aftb%3D1%26lob%3D6:3998-330,50,395,288,847,1120,1165,267,1165,56.000%,.48925,0.11,0.39
/1/events/com.amazon.eel.katal.metrics.core.nexus-332,50,346,285,605,819,885,271,885,50.000%,.49009,0.28,0.56
/1/events/com.amazon.eel.katal.metrics.core.nexus-334,50,299,277,292,294,817,267,817,14.000%,.49006,0.28,0.56
/1/events/com.amazon.eel.katal.metrics.core.nexus-333,50,278,278,288,288,294,267,294,16.000%,.49003,0.28,0.56
/?operationName=TopRatedTvShowsPagination&variables=%7B%22after%22%3A%22eyJlc1Rva2VuIjpbIjEyNSJdLCJmaWx0ZXIiOiJ7XCJjaGFydFwiOntcImNoYXJ0VHlwZVwiOlwiVE9QX1JBVEVEX1RWX1NIT1dTXCJ9LFwibGFuZ3VhZ2VcIjpcImVuLVVTXCIsXCJyZXN1bHRJbmRleFwiOjEyNH0iLCJzaWciOiJlMDBhOTBlODNmNGI4OWNjNDVjYzBlYjQxNWY1NDU1ODhiZjYxOTRiMzE2YWQ3MDBiYzc2NTA5ZGY3NjQwYzNlIn0%3D%22%2C%22first%22%3A125%2C%22locale%22%3A%22en-US%22%7D&extensions=%7B%22persistedQuery%22%3A%7B%22sha256Hash%22%3A%2277fc5a386555e334e7371d73af5bc085767c51c0b6f5bcf9d6487ab02836d405%22%2C%22version%22%3A1%7D%7D-335,50,30,32,39,41,81,8,81,0.000%,.49124,0.34,0.57
/-337,50,78,13,408,483,645,10,645,14.000%,.49131,4.64,0.67
/1/events/com.amazon.csm.customsg.prod-336,50,746,813,836,859,1172,275,1172,90.000%,.49188,0.28,0.48
/1/events/com.amazon.csm.csa.prod-338,50,522,547,562,564,571,282,571,94.000%,.49344,0.29,19.75
TOTAL,11750,286,281,792,853,1120,8,2413,38.400%,68.25046,322.34,222.19
